Workbook

Sheet ReadMe
A1: Haloaromatics QSAR workbook
A3: Purpose | B3: Correlate measured electrochemical dehalogenation rate constants with computed descriptors, to identify which parameters predict reduction kinetics and whether a relationship fitted on the bromobenzenes transfers to the chlorobenzenes and PBDEs.
A4: Rate constants | B4: Pseudo-first-order k_obs (h⁻¹) measured at −2.0 V vs SHE (uncompensated potential, without iR-drop compensation). Bromobenzenes and PBDEs: LaPier et al., Environ. Sci. Technol. 2026, 60, 1346, Table 1 (1,3-dibromobenzene corrected from per day to 0.0329 h⁻¹). Chlorobenzenes: unpublished, no standard errors yet. File: data/experimental_kobs.csv.
A5: Computed data | B5: Gaussian 16, 6-311++G(d). Levels: B3gas = B3LYP/6-311++G(d), gas phase; B3SMD = B3LYP/6-311++G(d), SMD (water); M6gas = M06-2X/6-311++G(d), gas phase; M6SMD = M06-2X/6-311++G(d), SMD (water). Compounds: 7 bromobenzenes, 5 chlorobenzenes, BDE-47 and BDE-99. Built from results/qsar_summary.csv and correlation_data.csv (compile) by figures/qsar_workbook.py.
A6: Tabs | B6: Performance: comparison of all models. Data: every value used. One chart tab per descriptor and level, named <level> <rank by R²> <descriptor>: B3 = B3LYP, M6 = M06-2X, gas or SMD.
A7: Charts and fits | B7: Each chart tab holds the plotted values in cells. The dotted line is the least-squares fit to the bromobenzenes computed by Excel (SLOPE, INTERCEPT, RSQ in the cells beside the chart), so editing a value updates the line and statistics. Filled gray circles: published bromobenzene data (fitted). Open circles: new chlorobenzene data (predicted). Gray squares: published PBDE data (predicted). Error bars: ±1 standard error of k_obs propagated to ln k_obs (SE/k_obs). Site descriptors use the most favourable C–X site of each compound (min_ / max_) or a degeneracy-weighted effective value (eff_).
A9: Calculated parameters
A10: descriptor | B10: key | C10: units | D10: definition / how computed | E10: significance for reduction kinetics | F10: availability | G10: set
A11: LUMO of ArX | B11: LUMO_eV | C11: eV | D11: Energy of the lowest unoccupied molecular orbital of the neutral parent ArX (lowest of the alpha/beta virtual orbitals). | E11: Frontier-orbital estimate of how easily ArX accepts an electron: a lower LUMO means easier reduction. Cheap, but virtual-orbital energies depend on the functional and on diffuse functions, so it is a qualitative proxy for the electron affinity. | F11: All compounds, all levels. | G11: thermo
A12: LUMO of the radical anion ArX•⁻ | B12: LUMO_RA_eV | C12: eV | D12: LUMO of the relaxed radical anion ArX•⁻ in whatever state it optimised to (π, bent σ, or dissociated Ar•···X⁻ complex). | E12: How easily the radical anion takes a second electron (2-electron pathway). | F12: All compounds; meaning changes when the radical anion is dissociated. | G12: thermo
A13: ΔG ArX + e⁻ → Ar• + X⁻ | B13: min_dG_1e_kcal | C13: kcal/mol | D13: ΔG of ArX + e⁻ → Ar• + X⁻ at the most favourable C–X site (concerted dissociative one-electron reduction). | E13: Driving force of the concerted dissociative electron transfer (Savéant). Its standard potential is E°_DET. | F13: All compounds, all levels. | G13: thermo
A14: ΔG ArX + 2e⁻ → Ar⁻ + X⁻ | B14: min_dG_2e_carbanion_kcal | C14: kcal/mol | D14: ΔG of ArX + 2e⁻ → Ar⁻ + X⁻ at the most favourable site. | E14: Overall driving force of two-electron reductive C–X cleavage to the aryl carbanion (which is protonated to ArH). | F14: All compounds, all levels. | G14: thermo
A15: ΔG ArX + e⁻ → ArX•⁻ | B15: dG_ET_any_kcal | C15: kcal/mol | D15: ΔG of ArX + e⁻ → ArX•⁻, using the lowest radical-anion energy whatever its structure. | E15: Driving force of the first electron transfer (stepwise pathway). Where the radical anion is dissociated this already includes C–X cleavage. | F15: All compounds, all levels. | G15: thermo
A16: ΔG ArX•⁻ → Ar• + X⁻ | B16: min_dG_frag_any_kcal | C16: kcal/mol | D16: ΔG of ArX•⁻ → Ar• + X⁻ from the lowest radical-anion energy, most favourable site. | E16: Driving force of radical-anion fragmentation (second step of the stepwise pathway). | F16: All compounds, all levels. | G16: thermo
A17: ΔG ArX•⁻ + e⁻ → Ar⁻ + X⁻ | B17: min_dG_RA_2e_any_kcal | C17: kcal/mol | D17: ΔG of ArX•⁻ + e⁻ → Ar⁻ + X⁻ (second electron to the radical anion with C–X cleavage), most favourable site. | E17: Driving force of the second reduction in a 2-electron stepwise path. | F17: All compounds, all levels. | G17: thermo
A18: number of halogens | B18: n_X | C18: - | D18: Number of halogen substituents. | E18: Structural baseline: most electronic descriptors increase with n_X, so a descriptor that does no better than n_X adds little physical insight. | F18: All compounds. | G18: extended
A19: vertical electron affinity | B19: VEA_eV | C19: eV | D19: Vertical electron affinity E(ArX) − E(ArX•⁻), both at the neutral geometry (ΔSCF single points; electronic energies). | E19: Energy released on adding an electron without nuclear relaxation, i.e. the Franck–Condon step of heterogeneous electron transfer. Positive = electron is bound. | F19: All compounds, all levels (sp stage). | G19: extended
A20: adiabatic electron affinity (electronic) | B20: AEA_elec_eV | C20: eV | D20: Adiabatic electron affinity E(ArX) − E(ArX•⁻), each at its own optimised geometry (electronic energies). | E20: Thermodynamic electron affinity including relaxation. | F20: Only where the radical anion is bound (π or bent σ): few bromobenzenes at M06-2X. | G20: extended
A21: electrophilicity index (ΔSCF) | B21: omega_dSCF_eV | C21: eV | D21: Parr electrophilicity index ω = μ²/(2η) with μ = −(VIE + VEA)/2 and η = VIE − VEA from ΔSCF vertical ionisation energy and electron affinity. | E21: Global propensity to accept electron density; combines electron affinity and hardness. | F21: All compounds, all levels (sp stage). | G21: extended
... A24: ΔG ArX•⁻ → Ar• + X⁻, bound radical anion only | B24: min_dG_frag_kcal | C24: kcal/mol | D24: As min_dG_frag_any, bound radical anions only. | E24: Fragmentation of a genuine intermediate. | F24: Bound radical anions only. | G24: extended
A25: ΔG ArX•⁻ + e⁻ → Ar⁻ + X⁻, bound radical anion only | B25: min_dG_RA_2e_kcal | C25: kcal/mol | D25: As min_dG_RA_2e_any, bound radical anions only. | F25: Bound radical anions only. | G25: extended
A26: ΔG ArX + H⁺ + 2e⁻ → ArH + X⁻ | B26: min_dG_2e_HDH_kcal | C26: kcal/mol | D26: ΔG of ArX + H⁺ + 2e⁻ → ArH + X⁻ (hydrodehalogenation), most favourable site. | E26: Overall driving force of the observed net reaction (the aryl carbanion is protonated). | F26: All compounds, all levels. | G26: extended
A27: ΔG Ar• + e⁻ → Ar⁻ | B27: min_dG_rad_red_kcal | C27: kcal/mol | D27: ΔG of Ar• + e⁻ → Ar⁻ for the aryl radical formed at the most favourable site. | E27: Reducibility of the aryl radical: decides whether the radical is reduced further (2e path) or reacts otherwise (H-abstraction, dimerisation). | F27: All compounds, all levels. | G27: extended
A28: inner-sphere reorganisation energy | B28: lambda_i_kcal | C28: kcal/mol | D28: Nelsen four-point inner-sphere reorganisation energy of the ArX/ArX•⁻ couple, λ_i = [E(N@A) − E(N@N)] + [E(A@N) − E(A@A)]. | E28: Inner-sphere contribution to the Marcus electron-transfer barrier (λ/4 at zero driving force). | F28: π radical anions only. | G28: extended
A29: weakest C–X bond enthalpy | B29: min_BDE_kcal | C29: kcal/mol | D29: Weakest homolytic C–X bond enthalpy D = H(Ar•) + H(X•) − H(ArX), with the ²P₃/₂ spin–orbit correction of X•. | E29: Bond strength that the concerted pathway must overcome; D enters the Savéant intrinsic barrier. | F29: All compounds, all levels. | G29: extended
A30: Savéant intrinsic barrier (weakest C–X) | B30: min_dG0_act_concerted_kcal | C30: kcal/mol | D30: Savéant intrinsic barrier ΔG₀‡ = (D + λ₀)/4 for the weakest bond; λ₀ from the Marcus–Hush one-sphere model. | E30: Barrier of concerted dissociative electron transfer at zero driving force. | F30: SMD levels only. | G30: extended
A31: Savéant concerted barrier | B31: eff_dG_act_concerted_kcal @ -2.00 V | C31: kcal/mol | D31: Savéant concerted barrier ΔG‡(E) = ΔG₀‡(1 + ΔG°(E)/4ΔG₀‡)² at E = −2.0 V, combined over sites as −RT ln Σ g_i exp(−ΔG‡_i/RT). | E31: Predicted activation free energy of the concerted pathway at the experimental potential; transition-state theory predicts a slope of −1/RT (see slope×RT). | F31: SMD levels only. | G31: extended
A32: stepwise ET + cleavage barrier | B32: eff_dG_act_stepwise_kcal @ -2.00 V | C32: kcal/mol | D32: Stepwise barrier: max of the ET barrier and ET + fragmentation TS, degeneracy-weighted. | F32: Needs the TS stage (not run for these compounds). | G32: extended
A33: combined stepwise + concerted | B33: eff_dG_act_combined_kcal @ -2.00 V | C33: kcal/mol | D33: Effective barrier combining the stepwise and concerted rates. | E33: Without TS barriers this equals the concerted barrier. | F33: SMD levels only. | G33: extended
A34: C–X cleavage TS barrier of ArX•⁻ | B34: eff_dG_act_frag_TS_kcal | C34: kcal/mol | D34: C–X cleavage TS barrier of the radical anion. | F34: Needs the TS stage (not run). | G34: extended
A35: largest Fukui f+ on a C–X bond | B35: max_fplus_CX | C35: e | D35: Largest condensed Fukui function f⁺ on a C–X bond (C + X), f⁺ = q_Hirshfeld(ArX) − q_Hirshfeld(ArX•⁻ at the neutral geometry). | E35: How much of the incoming electron lands on a C–X bond: a site-reactivity index for reductive cleavage. | F35: All compounds, all levels (sp stage). | G35: extended
A36: weakest Wiberg C–X bond order | B36: min_wiberg_CX_parent | C36: - | D36: Smallest Wiberg C–X bond index of the neutral parent (NBO, NAO basis). | E36: Weaker (lower-order) C–X bonds should break more easily. | F36: All compounds, all levels (sp stage). | G36: extended
A37: largest halogen spin density in ArX•⁻ | B37: max_spin_RA_X | C37: e | D37: Largest Hirshfeld spin density on a halogen in the relaxed radical anion. | E37: σ* character: spin on X means the extra electron sits in the C–X σ* orbital. | F37: Bound radical anions only (sp of the radical anion). | G37: extended
A38: largest C–X elongation in ArX•⁻ | B38: max_dr_CX_RA_A | C38: Å | D38: Largest C–X lengthening in the relaxed radical anion relative to the parent. | E38: Degree of C–X σ* occupation; very large values mean the radical anion dissociated. | F38: All compounds, all levels. | G38: extended
A40: Statistics
A41: statistic | B41: definition | C41: how to read it | D41: caveats
A42: n | B42: Number of compounds in the fit. | C42: Bromobenzene fits have n = 7; chlorobenzenes n = 5; halobenzenes n = 12; all n = 14. | D42: With n = 7, one unusual compound can dominate a fit.
A43: slope, intercept | B43: Ordinary least squares: ln k_obs = slope·x + intercept. | C43: The slope sign shows the direction: for ΔG descriptors a negative slope means more exergonic → faster. | D43: Units: ln(h⁻¹) per descriptor unit.
A44: r, R² | B44: Pearson correlation and coefficient of determination R² = 1 − SSE/SST, SST = Σ(ln k − mean)². | C44: Fraction of the variance of ln k_obs in the fitted set explained by the line (0 to 1). | D44: Describes the fit, not its predictive power; R² never decreases when predictors are added.
A45: p | B45: Two-sided t-test of slope = 0 with n − 2 degrees of freedom. | C45: Probability of an |r| this large if there were no linear relationship. | D45: Not corrected for multiple testing: this workbook tests ~70 descriptor × level combinations, so about 3–4 would reach p < 0.05 by chance. The Bonferroni column uses 0.05/(number of fits).
A46: SSE, MSE, RMSE | B46: SSE = Σ residual²; MSE = SSE/n; RMSE = √MSE (in ln k units). | C46: Typical error of the fit. RMSE = 1 means a typical factor of e ≈ 2.7 in k_obs; RMSE = 0.5 means a factor of 1.6. | D46: In-sample: optimistic.
A47: LOO RMSE, Q² | B47: Leave-one-out cross-validation: refit without each compound in turn and predict it; PRESS = Σ(prediction error)²; LOO RMSE = √(PRESS/n); Q² = 1 − PRESS/SST. | C47: Predictive ability within the fitted set. Q² close to R² means a robust fit; Q² much lower than R² means one compound is driving the fit; Q² < 0 means the model predicts worse than the mean. | D47: Preferred ranking statistic here (Performance tab ranks by Q²).
A48: ext RMSE | B48: RMSE of ln k_obs predicted by the bromobenzene fit for the compounds not used in the fit (chlorobenzenes and PBDEs). | C48: External validation: does the relationship transfer to other halogens and to the diphenyl ethers? | D48: A systematic offset (e.g. all PBDEs slower) inflates it even when the ranking is right.
A49: R² halobenzenes / all | B49: R² of separate fits on the 12 bromo- plus chlorobenzenes, or all 14 compounds. | C49: Whether one line describes both halogens (and the PBDEs). | D49: These fits use more data but mix chemically different families.
A50: adj R² (MLR) | B50: 1 − (1 − R²)(n − 1)/(n − p − 1), p = 2 predictors. | C50: R² penalised for the extra parameter; compare MLR and single-descriptor models with adj R² and Q², not R². | D50: With n = 7 and 3 parameters only 4 degrees of freedom remain.
A51: slope×RT | B51: −slope·RT for barrier descriptors (RT = 0.593 kcal/mol at 298 K). | C51: Transition-state theory predicts ln k = const − ΔG‡/RT, i.e. slope×RT = 1. | D51: Values far from 1 mean the barrier descriptor scales but does not match TST quantitatively.
A53: Caveats
A54: • | B54: Small data set: 7 bromobenzenes define each fit. Treat R² > 0.9 with n = 7 as suggestive, and rely on Q² and the external RMSE for predictive claims.
A55: • | B55: Multiple testing: many descriptors and four levels were screened. The best-looking fit is partly selected by chance; prefer descriptors that do well at several levels and in the external test.
A56: • | B56: Collinearity: most descriptors correlate with the number of halogens (n_X). A descriptor that does not beat n_X adds little.
A57: • | B57: Radical-anion state: at these levels most radical anions are bent σ-type or dissociated (Ar•···X⁻ complexes). *_any descriptors use the lowest radical-anion energy whatever its state; the 'bound radical anion only' descriptors are blank where it dissociated, so they have too few points to fit.
A58: • | B58: Stepwise barriers need the TS stage, which was not run: C–X scans of the BDE-99 radical anion showed electronic-state crossings rather than saddle points.
A59: • | B59: B3LYP/SMD BDE-99 radical anion did not finish (optimisation step limit), so the *_any descriptors of BDE-99 are missing at B3LYP/SMD.
A60: • | B60: Chlorobenzene rate constants are unpublished and have no standard errors yet.
A61: • | B61: Gas-phase vs SMD: the cathode is activated carbon, so neither gas phase nor bulk water is the true environment; compare both.
A63: Conventions
B64: T = 298.15 K; G(e⁻) = -0.867 kcal/mol (Fermi–Dirac); E_abs(SHE) = 4.281 V; SMD solutes +1.894 kcal/mol (1 atm → 1 M); potential-dependent barriers at -2.0 V vs SHE; ln k_obs with k_obs in h⁻¹.

Sheet Performance
A1: QSAR performance: ln k_obs vs computed descriptors (single-descriptor fits on the bromobenzenes, n = 7)
A2: Ranked by leave-one-out Q² (predictive ability). R² describes the fit; Q² tests it by predicting each bromobenzene from the other six; ext RMSE applies the bromobenzene line to the chlorobenzenes and PBDEs, which were not used in the fit. RMSE values are in ln k units (1 = factor 2.7 in k_obs). Bonferroni p threshold for 69 fits: 7.2e-04. Definitions on the ReadMe tab.
A4: 1. Top 10 models (all levels)
A5: rank | B5: level | C5: descriptor | D5: R² | E5: Q² | F5: RMSE | G5: LOO RMSE | H5: ext RMSE | I5: p | J5: p < Bonferroni | K5: R² halobenzenes (n=12) | L5: chart tab
A6: 1 | B6: M6gas | C6: ΔG ArX•⁻ + e⁻ → Ar⁻ + X⁻ | D6: 0.9306 | E6: 0.8854 | F6: 0.7541 | G6: 0.9687 | H6: 4.085 | I6: 0.0004 | J6: yes | K6: 0.5516 | L6: M6gas 02 dG RA_2e_any
A7: 2 | B7: B3gas | C7: ΔG ArX•⁻ + e⁻ → Ar⁻ + X⁻ | D7: 0.9225 | E7: 0.8686 | F7: 0.7966 | G7: 1.0374 | H7: 4.418 | I7: 0.0006 | J7: yes | K7: 0.4603 | L7: B3gas 02 dG RA_2e_any
A8: 3 | B8: B3gas | C8: ΔG Ar• + e⁻ → Ar⁻ | D8: 0.9473 | E8: 0.8653 | F8: 0.6572 | G8: 1.0504 | H8: 2.671 | I8: 0.0002 | J8: yes | K8: 0.7843 | L8: B3gas 01 dG rad_red
A9: 4 | B9: M6gas | C9: ΔG Ar• + e⁻ → Ar⁻ | D9: 0.9375 | E9: 0.8531 | F9: 0.7155 | G9: 1.097 | H9: 2.831 | I9: 0.0003 | J9: yes | K9: 0.772 | L9: M6gas 01 dG rad_red
A10: 5 | B10: M6gas | C10: ΔG ArX + 2e⁻ → Ar⁻ + X⁻ | D10: 0.9152 | E10: 0.7496 | F10: 0.8333 | G10: 1.4322 | H10: 1.887 | I10: 0.0007 | J10: yes | K10: 0.8748 | L10: M6gas 04 dG 2e_carbanion
A11: 6 | B11: B3gas | C11: ΔG ArX•⁻ → Ar• + X⁻ | D11: 0.9217 | E11: 0.7459 | F11: 0.8009 | G11: 1.4426 | H11: 2.058 | I11: 0.0006 | J11: yes | K11: 0.8568 | L11: B3gas 03 dG frag_any
A12: 7 | B12: B3SMD | C12: ΔG ArX•⁻ + e⁻ → Ar⁻ + X⁻ | D12: 0.8928 | E12: 0.7358 | F12: 0.937 | G12: 1.4711 | H12: 7.158 | I12: 0.0013 | J12: no | K12: 0.0768 | L12: B3SMD 02 dG RA_2e_any
A13: 8 | B13: B3gas | C13: ΔG ArX + 2e⁻ → Ar⁻ + X⁻ | D13: 0.9131 | E13: 0.722 | F13: 0.8438 | G13: 1.509 | H13: 1.77 | I13: 0.0008 | J13: no | K13: 0.8657 | L13: B3gas 05 dG 2e_carbanion
A14: 9 | B14: M6gas | C14: ΔG ArX•⁻ → Ar• + X⁻ | D14: 0.9175 | E14: 0.7183 | F14: 0.822 | G14: 1.5191 | H14: 1.927 | I14: 0.0007 | J14: yes | K14: 0.8357 | L14: M6gas 03 dG frag_any
A15: 10 | B15: B3gas | C15: LUMO of the radical anion ArX•⁻ | D15: 0.9211 | E15: 0.717 | F15: 0.8039 | G15: 1.5226 | H15: 1.584 | I15: 0.0006 | J15: yes | K15: 0.8779 | L15: B3gas 04 LUMO_RA
A18: 2. Descriptor × level comparison (bromobenzene fits)
A19: Bold = best value in that column. Blank = too few compounds with data at that level.
A20: descriptor | B20: set | C20: B3gas R² | D20: B3SMD R² | E20: M6gas R² | F20: M6SMD R² | G20: B3gas Q² | H20: B3SMD Q² | I20: M6gas Q² | J20: M6SMD Q² | K20: B3gas ext RMSE | L20: B3SMD ext RMSE | M20: M6gas ext RMSE | N20: M6SMD ext RMSE | O20: B3gas R² halo | P20: B3SMD R² halo | Q20: M6gas R² halo | R20: M6SMD R² halo
A21: LUMO of ArX | B21: thermo | C21: 0.8427 | D21: 0.8437 | E21: 0.7588 | F21: 0.7412 | G21: 0.2816 | H21: 0.2325 | I21: -0.4638 | J21: -0.6612 | K21: 1.541 | L21: 1.377 | M21: 1.623 | N21: 1.49 | O21: 0.7605 | P21: 0.7856 | Q21: 0.7078 | R21: 0.7094
A22: LUMO of the radical anion ArX•⁻ | B22: thermo | C22: 0.9211 | D22: 0.7559 | E22: 0.4408 | F22: 0.1122 | G22: 0.717 | H22: 0.2752 | I22: -0.3728 | J22: -0.7702 | K22: 1.584 | L22: 7.304 | M22: 2.65 | N22: 1.963 | O22: 0.8779 | P22: 0.4134 | Q22: 0.3335 | R22: 0.2168
A23: ΔG ArX + e⁻ → Ar• + X⁻ | B23: thermo | C23: 0.6614 | D23: 0.6779 | E23: 0.6766 | F23: 0.7086 | G23: -1.6937 | H23: -0.7484 | I23: -2.1303 | J23: -0.7651 | K23: 4.201 | L23: 3.362 | M23: 7.083 | N23: 2.993 | O23: 0.3486 | P23: 0.3666 | Q23: 0.1941 | R23: 0.4351
A24: ΔG ArX + 2e⁻ → Ar⁻ + X⁻ | B24: thermo | C24: 0.9131 | D24: 0.8416 | E24: 0.9152 | F24: 0.8592 | G24: 0.722 | H24: 0.4375 | I24: 0.7496 | J24: 0.5379 | K24: 1.77 | L24: 3.16 | M24: 1.887 | N24: 3.122 | O24: 0.8657 | P24: 0.5854 | Q24: 0.8748 | R24: 0.6139
A25: ΔG ArX + e⁻ → ArX•⁻ | B25: thermo | C25: 0.8571 | D25: 0.7489 | E25: 0.8662 | F25: 0.4856 | G25: 0.311 | H25: -0.253 | I25: 0.402 | J25: -0.9527 | K25: 1.723 | L25: 3.474 | M25: 2.164 | N25: 1.905 | O25: 0.8371 | P25: 0.6344 | Q25: 0.7717 | R25: 0.4882
A26: ΔG ArX•⁻ → Ar• + X⁻ | B26: thermo | C26: 0.9217 | D26: 0.8027 | E26: 0.9175 | F26: 0.3153 | G26: 0.7459 | H26: 0.526 | I26: 0.7183 | J26: -6.7526 | K26: 2.058 | L26: 13.058 | M26: 1.927 | N26: 2.161 | O26: 0.8568 | P26: 0.4269 | Q26: 0.8357 | R26: 0.3475
A27: ΔG ArX•⁻ + e⁻ → Ar⁻ + X⁻ | B27: thermo | C27: 0.9225 | D27: 0.8928 | E27: 0.9306 | F27: 0.1955 | G27: 0.8686 | H27: 0.7358 | I27: 0.8854 | J27: -1.3665 | K27: 4.418 | L27: 7.158 | M27: 4.085 | N27: 3.789 | O27: 0.4603 | P27: 0.0768 | Q27: 0.5516 | R27: 0.0294
A28: number of halogens | B28: extended | C28: 0.8601 | D28: 0.8601 | E28: 0.8601 | F28: 0.8601 | G28: 0.4698 | H28: 0.4698 | I28: 0.4698 | J28: 0.4698 | K28: 2.545 | L28: 2.545 | M28: 2.545 | N28: 2.545 | O28: 0.7082 | P28: 0.7082 | Q28: 0.7082 | R28: 0.7082
A29: vertical electron affinity | B29: extended | C29: 0.8015 | D29: 0.7452 | E29: 0.8029 | F29: 0.8275 | G29: 0.37 | H29: -0.4275 | I29: 0.4874 | J29: 0.2059 | K29: 1.619 | L29: 1.655 | M29: 1.806 | N29: 1.696 | O29: 0.7332 | P29: 0.678 | Q29: 0.7374 | R29: 0.7322
A30: electrophilicity index (ΔSCF) | B30: extended | C30: 0.7379 | D30: 0.6786 | E30: 0.7629 | F30: 0.7953 | G30: -0.0455 | H30: -1.5279 | I30: 0.2394 | J30: -0.1301 | K30: 1.519 | L30: 1.719 | M30: 1.577 | N30: 1.638 | O30: 0.6953 | P30: 0.6268 | Q30: 0.7188 | R30: 0.7301
A31: ΔG ArX + H⁺ + 2e⁻ → ArH + X⁻ | B31: extended | C31: 0.7562 | D31: 0.785 | E31: 0.7853 | F31: 0.8172 | G31: 0.0213 | H31: 0.3003 | I31: 0.0999 | J31: 0.3868 | K31: 3.233 | L31: 3.994 | M31: 5.036 | N31: 3.51 | O31: 0.5178 | P31: 0.3842 | Q31: 0.3672 | R31: 0.4663
A32: ΔG Ar• + e⁻ → Ar⁻ | B32: extended | C32: 0.9473 | D32: 0.8933 | E32: 0.9375 | F32: 0.8924 | G32: 0.8653 | H32: 0.6844 | I32: 0.8531 | J32: 0.7114 | K32: 2.671 | L32: 3.301 | M32: 2.831 | N32: 3.432 | O32: 0.7843 | P32: 0.653 | Q32: 0.772 | R32: 0.6424
A33: weakest C–X bond enthalpy | B33: extended | C33: 0.6258 | D33: 0.6652 | E33: 0.6389 | F33: 0.7007 | G33: -1.3979 | H33: -0.9488 | I33: -2.0922 | J33: -1.0808 | K33: 8.143 | L33: 8.508 | M33: 14.539 | N33: 15.162 | O33: 0.1575 | P33: 0.1602 | Q33: 0.0775 | R33: 0.0822
A34: Savéant intrinsic barrier (weakest C–X) | B34: extended | D34: 0.7878 | F34: 0.8285 | H34: -0.0947 | J34: 0.1375 | L34: 6.197 | N34: 9.533 | P34: 0.3017 | R34: 0.1888
A35: Savéant concerted barrier | B35: extended | D35: 0.7709 | F35: 0.8007 | H35: -0.2348 | J35: -0.0434 | L35: 1.482 | N35: 2.672 | P35: 0.7556 | R35: 0.6003
A36: combined stepwise + concerted | B36: extended | F36: 0.8007 | J36: -0.0434 | N36: 2.672 | R36: 0.6003
A37: largest Fukui f+ on a C–X bond | B37: extended | C37: 0.035 | D37: 0.161 | E37: 0.0066 | F37: 0.5331 | G37: -1.584 | H37: -3.1062 | I37: -2.112 | J37: 0.1795 | K37: 2.754 | L37: 2.089 | M37: 2.549 | N37: 5.003 | O37: 0.005 | P37: 0.2479 | Q37: 0.0119 | R37: 0.3151
A38: weakest Wiberg C–X bond order | B38: extended | C38: 0.8463 | D38: 0.8813 | E38: 0.8583 | F38: 0.8822 | G38: 0.5788 | H38: 0.6733 | I38: 0.6136 | J38: 0.6738 | K38: 7.403 | L38: 5.46 | M38: 7.137 | N38: 5.318 | O38: 0.2244 | P38: 0.3776 | Q38: 0.2466 | R38: 0.3934
A39: largest C–X elongation in ArX•⁻ | B39: extended | C39: 0.3399 | D39: 0.2416 | E39: 0.1135 | F39: 0.31 | G39: -0.3259 | H39: -0.8336 | I39: -0.9953 | J39: -1.063 | K39: 3.101 | L39: 5.995 | M39: 2.673 | N39: 2.77 | O39: 0.1292 | P39: 0.0266 | Q39: 0.0518 | R39: 0.1161
A42: 3. All single-descriptor fits (sorted by Q²)
A43: level | B43: descriptor | C43: key | D43: set | E43: n | F43: R² (live) | G43: slope (live) | H43: R² | I43: Q² | J43: slope | K43: intercept | L43: p | M43: RMSE | N43: LOO RMSE | O43: ext RMSE | P43: slope×RT | Q43: R² chlorobenzenes (n=5) | R43: R² halobenzenes (n=12) | S43: R² all (n=14) | T43: chart tab
A44: M6gas | B44: ΔG ArX•⁻ + e⁻ → Ar⁻ + X⁻ | C44: min_dG_RA_2e_any_kcal | D44: thermo | E44: 7 | F44: ='M6gas 02 dG RA_2e_any'!Q7 | G44: ='M6gas 02 dG RA_2e_any'!Q5 | H44: 0.9306 | I44: 0.8854 | J44: -0.3432 | K44: -13.9074 | L44: 0.0004 | M44: 0.7541 | N44: 0.9687 | O44: 4.085 | Q44: 0.5895 | R44: 0.5516 | S44: 0.4478 | T44: M6gas 02 dG RA_2e_any
A45: B3gas | B45: ΔG ArX•⁻ + e⁻ → Ar⁻ + X⁻ | C45: min_dG_RA_2e_any_kcal | D45: thermo | E45: 7 | F45: ='B3gas 02 dG RA_2e_any'!Q7 | G45: ='B3gas 02 dG RA_2e_any'!Q5 | H45: 0.9225 | I45: 0.8686 | J45: -0.3184 | K45: -13.3101 | L45: 0.0006 | M45: 0.7966 | N45: 1.0374 | O45: 4.418 | Q45: 0.2571 | R45: 0.4603 | S45: 0.3482 | T45: B3gas 02 dG RA_2e_any
A46: B3gas | B46: ΔG Ar• + e⁻ → Ar⁻ | C46: min_dG_rad_red_kcal | D46: extended | E46: 7 | F46: ='B3gas 01 dG rad_red'!Q7 | G46: ='B3gas 01 dG rad_red'!Q5 | H46: 0.9473 | I46: 0.8653 | J46: -0.1838 | K46: -10.1598 | L46: 0.0002 | M46: 0.6572 | N46: 1.0504 | O46: 2.671 | Q46: 0.8049 | R46: 0.7843 | S46: 0.7134 | T46: B3gas 01 dG rad_red
A47: M6gas | B47: ΔG Ar• + e⁻ → Ar⁻ | C47: min_dG_rad_red_kcal | D47: extended | E47: 7 | F47: ='M6gas 01 dG rad_red'!Q7 | G47: ='M6gas 01 dG rad_red'!Q5 | H47: 0.9375 | I47: 0.8531 | J47: -0.1867 | K47: -10.1339 | L47: 0.0003 | M47: 0.7155 | N47: 1.097 | O47: 2.831 | Q47: 0.8079 | R47: 0.772 | S47: 0.6864 | T47: M6gas 01 dG rad_red
A48: M6gas | B48: ΔG ArX + 2e⁻ → Ar⁻ + X⁻ | C48: min_dG_2e_carbanion_kcal | D48: thermo | E48: 7 | F48: ='M6gas 04 dG 2e_carbanion'!Q7 | G48: ='M6gas 04 dG 2e_carbanion'!Q5 | H48: 0.9152 | I48: 0.7496 | J48: -0.1578 | K48: -10.5053 | L48: 0.0007 | M48: 0.8333 | N48: 1.4322 | O48: 1.887 | Q48: 0.8162 | R48: 0.8748 | S48: 0.7587 | T48: M6gas 04 dG 2e_carbanion
A49: B3gas | B49: ΔG ArX•⁻ → Ar• + X⁻ | C49: min_dG_frag_any_kcal | D49: thermo | E49: 7 | F49: ='B3gas 03 dG frag_any'!Q7 | G49: ='B3gas 03 dG frag_any'!Q5 | H49: 0.9217 | I49: 0.7459 | J49: 0.4087 | K49: -5.6014 | L49: 0.0006 | M49: 0.8009 | N49: 1.4426 | O49: 2.058 | Q49: 0.9396 | R49: 0.8568 | S49: 0.8044 | T49: B3gas 03 dG frag_any
A50: B3SMD | B50: ΔG ArX•⁻ + e⁻ → Ar⁻ + X⁻ | C50: min_dG_RA_2e_any_kcal | D50: thermo | E50: 7 | F50: ='B3SMD 02 dG RA_2e_any'!Q7 | G50: ='B3SMD 02 dG RA_2e_any'!Q5 | H50: 0.8928 | I50: 0.7358 | J50: -0.4218 | K50: -41.9329 | L50: 0.0013 | M50: 0.937 | N50: 1.4711 | O50: 7.158 | Q50: 0.0025 | R50: 0.0768 | S50: 0.074 | T50: B3SMD 02 dG RA_2e_any
A51: B3gas | B51: ΔG ArX + 2e⁻ → Ar⁻ + X⁻ | C51: min_dG_2e_carbanion_kcal | D51: thermo | E51: 7 | F51: ='B3gas 05 dG 2e_carbanion'!Q7 | G51: ='B3gas 05 dG 2e_carbanion'!Q5 | H51: 0.9131 | I51: 0.722 | J51: -0.1479 | K51: -10.9476 | L51: 0.0008 | M51: 0.8438 | N51: 1.509 | O51: 1.77 | Q51: 0.8112 | R51: 0.8657 | S51: 0.7832 | T51: B3gas 05 dG 2e_carbanion
A52: M6gas | B52: ΔG ArX•⁻ → Ar• + X⁻ | C52: min_dG_frag_any_kcal | D52: thermo | E52: 7 | F52: ='M6gas 03 dG frag_any'!Q7 | G52: ='M6gas 03 dG frag_any'!Q5 | H52: 0.9175 | I52: 0.7183 | J52: 0.3972 | K52: -5.5115 | L52: 0.0007 | M52: 0.822 | N52: 1.5191 | O52: 1.927 | Q52: 0.8488 | R52: 0.8357 | S52: 0.8048 | T52: M6gas 03 dG frag_any
A53: B3gas | B53: LUMO of the radical anion ArX•⁻ | C53: LUMO_RA_eV | D53: thermo | E53: 7 | F53: ='B3gas 04 LUMO_RA'!Q7 | G53: ='B3gas 04 LUMO_RA'!Q5 | H53: 0.9211 | I53: 0.717 | J53: -4.6549 | K53: 4.5044 | L53: 0.0006 | M53: 0.8039 | N53: 1.5226 | O53: 1.584 | Q53: 0.8544 | R53: 0.8779 | S53: 0.8131 | T53: B3gas 04 LUMO_RA
A54: M6SMD | B54: ΔG Ar• + e⁻ → Ar⁻ | C54: min_dG_rad_red_kcal | D54: extended | E54: 7 | F54: ='M6SMD 01 dG rad_red'!Q7 | G54: ='M6SMD 01 dG rad_red'!Q5 | H54: 0.8924 | I54: 0.7114 | J54: -0.3373 | K54: -33.757 | L54: 0.0013 | M54: 0.9389 | N54: 1.5376 | O54: 3.432 | Q54: 0.817 | R54: 0.6424 | S54: 0.6197 | T54: M6SMD 01 dG rad_red
A55: B3SMD | B55: ΔG Ar• + e⁻ → Ar⁻ | C55: min_dG_rad_red_kcal | D55: extended | E55: 7 | F55: ='B3SMD 01 dG rad_red'!Q7 | G55: ='B3SMD 01 dG rad_red'!Q5 | H55: 0.8933 | I55: 0.6844 | J55: -0.3278 | K55: -32.5355 | L55: 0.0013 | M55: 0.9347 | N55: 1.6079 | O55: 3.301 | Q55: 0.8126 | R55: 0.653 | S55: 0.631 | T55: B3SMD 01 dG rad_red
A56: M6SMD | B56: weakest Wiberg C–X bond order | C56: min_wiberg_CX_parent | D56: extended | E56: 7 | F56: ='M6SMD 02 wiberg_CX_parent'!Q7 | G56: ='M6SMD 02 wiberg_CX_parent'!Q5 | H56: 0.8822 | I56: 0.6738 | J56: 259.9502 | K56: -273.6079 | L56: 0.0017 | M56: 0.9824 | N56: 1.6345 | O56: 5.318 | Q56: 0.9283 | R56: 0.3934 | S56: 0.3359 | T56: M6SMD 02 wiberg_CX_parent
A57: B3SMD | B57: weakest Wiberg C–X bond order | C57: min_wiberg_CX_parent | D57: extended | E57: 7 | F57: ='B3SMD 03 wiberg_CX_parent'!Q7 | G57: ='B3SMD 03 wiberg_CX_parent'!Q5 | H57: 0.8813 | I57: 0.6733 | J57: 240.705 | K57: -252.1394 | L57: 0.0017 | M57: 0.9862 | N57: 1.6358 | O57: 5.46 | Q57: 0.9284 | R57: 0.3776 | S57: 0.3249 | T57: B3SMD 03 wiberg_CX_parent
A58: M6gas | B58: weakest Wiberg C–X bond order | C58: min_wiberg_CX_parent | D58: extended | E58: 7 | F58: ='M6gas 07 wiberg_CX_parent'!Q7 | G58: ='M6gas 07 wiberg_CX_parent'!Q5 | H58: 0.8583 | I58: 0.6136 | J58: 327.7144 | K58: -346.2257 | L58: 0.0027 | M58: 1.0775 | N58: 1.7791 | O58: 7.137 | Q58: 0.9664 | R58: 0.2466 | S58: 0.2082 | T58: M6gas 07 wiberg_CX_parent
A59: B3gas | B59: weakest Wiberg C–X bond order | C59: min_wiberg_CX_parent | D59: extended | E59: 7 | F59: ='B3gas 08 wiberg_CX_parent'!Q7 | G59: ='B3gas 08 wiberg_CX_parent'!Q5 | H59: 0.8463 | I59: 0.5788 | J59: 306.4347 | K59: -322.437 | L59: 0.0033 | M59: 1.122 | N59: 1.8575 | O59: 7.403 | Q59: 0.9667 | R59: 0.2244 | S59: 0.1942 | T59: B3gas 08 wiberg_CX_parent
A60: M6SMD | B60: ΔG ArX + 2e⁻ → Ar⁻ + X⁻ | C60: min_dG_2e_carbanion_kcal | D60: thermo | E60: 7 | F60: ='M6SMD 04 dG 2e_carbanion'!Q7 | G60: ='M6SMD 04 dG 2e_carbanion'!Q5 | H60: 0.8592 | I60: 0.5379 | J60: -0.2521 | K60: -41.0824 | L60: 0.0027 | M60: 1.074 | N60: 1.9456 | O60: 3.122 | Q60: 0.8223 | R60: 0.6139 | S60: 0.6116 | T60: M6SMD 04 dG 2e_carbanion
A61: B3SMD | B61: ΔG ArX•⁻ → Ar• + X⁻ | C61: min_dG_frag_any_kcal | D61: thermo | E61: 7 | F61: ='B3SMD 07 dG frag_any'!Q7 | G61: ='B3SMD 07 dG frag_any'!Q5 | H61: 0.8027 | I61: 0.526 | J61: 1.3174 | K61: 0.0119 | L61: 0.0063 | M61: 1.2714 | N61: 1.9705 | O61: 13.058 | Q61: 0.698 | R61: 0.4269 | S61: 0.4234 | T61: B3SMD 07 dG frag_any
A62: M6gas | B62: vertical electron affinity | C62: VEA_eV | D62: extended | E62: 7 | F62: ='M6gas 08 VEA'!Q7 | G62: ='M6gas 08 VEA'!Q5 | H62: 0.8029 | I62: 0.4874 | J62: 4.3418 | K62: -0.4137 | L62: 0.0063 | M62: 1.2706 | N62: 2.0491 | O62: 1.806 | Q62: 0.7036 | R62: 0.7374 | S62: 0.6962 | T62: M6gas 08 VEA
A63: B3gas | B63: number of halogens | C63: n_X | D63: extended | E63: 7 | F63: ='B3gas 06 n_X'!Q7 | G63: ='B3gas 06 n_X'!Q5 | H63: 0.8601 | I63: 0.4698 | J63: 1.7556 | K63: -6.915 | L63: 0.0026 | M63: 1.0705 | N63: 2.084 | O63: 2.545 | Q63: 0.7558 | R63: 0.7082 | S63: 0.6758 | T63: B3gas 06 n_X
A64: B3SMD | B64: number of halogens | C64: n_X | D64: extended | E64: 7 | F64: ='B3SMD 04 n_X'!Q7 | G64: ='B3SMD 04 n_X'!Q5 | H64: 0.8601 | I64: 0.4698 | J64: 1.7556 | K64: -6.915 | L64: 0.0026 | M64: 1.0705 | N64: 2.084 | O64: 2.545 | Q64: 0.7558 | R64: 0.7082 | S64: 0.6758 | T64: B3SMD 04 n_X
A65: M6gas | B65: number of halogens | C65: n_X | D65: extended | E65: 7 | F65: ='M6gas 06 n_X'!Q7 | G65: ='M6gas 06 n_X'!Q5 | H65: 0.8601 | I65: 0.4698 | J65: 1.7556 | K65: -6.915 | L65: 0.0026 | M65: 1.0705 | N65: 2.084 | O65: 2.545 | Q65: 0.7558 | R65: 0.7082 | S65: 0.6758 | T65: M6gas 06 n_X
A66: M6SMD | B66: number of halogens | C66: n_X | D66: extended | E66: 7 | F66: ='M6SMD 03 n_X'!Q7 | G66: ='M6SMD 03 n_X'!Q5 | H66: 0.8601 | I66: 0.4698 | J66: 1.7556 | K66: -6.915 | L66: 0.0026 | M66: 1.0705 | N66: 2.084 | O66: 2.545 | Q66: 0.7558 | R66: 0.7082 | S66: 0.6758 | T66: M6SMD 03 n_X
A67: B3SMD | B67: ΔG ArX + 2e⁻ → Ar⁻ + X⁻ | C67: min_dG_2e_carbanion_kcal | D67: thermo | E67: 7 | F67: ='B3SMD 06 dG 2e_carbanion'!Q7 | G67: ='B3SMD 06 dG 2e_carbanion'!Q5 | H67: 0.8416 | I67: 0.4375 | J67: -0.2259 | K67: -38.0284 | L67: 0.0036 | M67: 1.1389 | N67: 2.1466 | O67: 3.16 | Q67: 0.8137 | R67: 0.5854 | S67: 0.5873 | T67: B3SMD 06 dG 2e_carbanion
A68: M6gas | B68: ΔG ArX + e⁻ → ArX•⁻ | C68: dG_ET_any_kcal | D68: thermo | E68: 7 | F68: ='M6gas 05 dG ET_any'!Q7 | G68: ='M6gas 05 dG ET_any'!Q5 | H68: 0.8662 | I68: 0.402 | J68: -0.2803 | K68: -7.3735 | L68: 0.0023 | M68: 1.0469 | N68: 2.2133 | O68: 2.164 | Q68: 0.8538 | R68: 0.7717 | S68: 0.7276 | T68: M6gas 05 dG ET_any
A69: M6SMD | B69: ΔG ArX + H⁺ + 2e⁻ → ArH + X⁻ | C69: min_dG_2e_HDH_kcal | D69: extended | E69: 7 | F69: ='M6SMD 07 dG 2e_HDH'!Q7 | G69: ='M6SMD 07 dG 2e_HDH'!Q5 | H69: 0.8172 | I69: 0.3868 | J69: -0.7831 | K69: -167.9041 | L69: 0.0052 | M69: 1.2238 | N69: 2.2412 | O69: 3.51 | Q69: 0.8773 | R69: 0.4663 | S69: 0.4484 | T69: M6SMD 07 dG 2e_HDH
A70: B3gas | B70: vertical electron affinity | C70: VEA_eV | D70: extended | E70: 7 | F70: ='B3gas 10 VEA'!Q7 | G70: ='B3gas 10 VEA'!Q5 | H70: 0.8015 | I70: 0.37 | J70: 4.2239 | K70: -2.0191 | L70: 0.0064 | M70: 1.2752 | N70: 2.2717 | O70: 1.619 | Q70: 0.7069 | R70: 0.7332 | S70: 0.7024 | T70: B3gas 10 VEA
A71: B3gas | B71: ΔG ArX + e⁻ → ArX•⁻ | C71: dG_ET_any_kcal | D71: thermo | E71: 7 | F71: ='B3gas 07 dG ET_any'!Q7 | G71: ='B3gas 07 dG ET_any'!Q5 | H71: 0.8571 | I71: 0.311 | J71: -0.2618 | K71: -8.5164 | L71: 0.0028 | M71: 1.0818 | N71: 2.3756 | O71: 1.723 | Q71: 0.9333 | R71: 0.8371 | S71: 0.7992 | T71: B3gas 07 dG ET_any
A72: B3SMD | B72: ΔG ArX + H⁺ + 2e⁻ → ArH + X⁻ | C72: min_dG_2e_HDH_kcal | D72: extended | E72: 7 | F72: ='B3SMD 09 dG 2e_HDH'!Q7 | G72: ='B3SMD 09 dG 2e_HDH'!Q5 | H72: 0.785 | I72: 0.3003 | J72: -0.6499 | K72: -144.1566 | L72: 0.0079 | M72: 1.327 | N72: 2.394 | O72: 3.994 | Q72: 0.8702 | R72: 0.3842 | S72: 0.3718 | T72: B3SMD 09 dG 2e_HDH
A73: B3gas | B73: LUMO of ArX | C73: LUMO_eV | D73: thermo | E73: 7 | F73: ='B3gas 09 LUMO'!Q7 | G73: ='B3gas 09 LUMO'!Q5 | H73: 0.8427 | I73: 0.2816 | J73: -4.6493 | K73: -8.9407 | L73: 0.0035 | M73: 1.1352 | N73: 2.4259 | O73: 1.541 | Q73: 0.7105 | R73: 0.7605 | S73: 0.7573 | T73: B3gas 09 LUMO
A74: B3SMD | B74: LUMO of the radical anion ArX•⁻ | C74: LUMO_RA_eV | D74: thermo | E74: 7 | F74: ='B3SMD 11 LUMO_RA'!Q7 | G74: ='B3SMD 11 LUMO_RA'!Q5 | H74: 0.7559 | I74: 0.2752 | J74: -8.7741 | K74: -18.7654 | L74: 0.011 | M74: 1.414 | N74: 2.4366 | O74: 7.304 | Q74: 0.6263 | R74: 0.4134 | S74: 0.4149 | T74: B3SMD 11 LUMO_RA
A75: M6gas | B75: electrophilicity index (ΔSCF) | C75: omega_dSCF_eV | D75: extended | E75: 7 | F75: ='M6gas 10 omega_dSCF'!Q7 | G75: ='M6gas 10 omega_dSCF'!Q5 | H75: 0.7629 | I75: 0.2394 | J75: 11.173 | K75: -13.6175 | L75: 0.0102 | M75: 1.3937 | N75: 2.4961 | O75: 1.577 | Q75: 0.7451 | R75: 0.7188 | S75: 0.7162 | T75: M6gas 10 omega_dSCF
A76: B3SMD | B76: LUMO of ArX | C76: LUMO_eV | D76: thermo | E76: 7 | F76: ='B3SMD 05 LUMO'!Q7 | G76: ='B3SMD 05 LUMO'!Q5 | H76: 0.8437 | I76: 0.2325 | J76: -4.3352 | K76: -7.9111 | L76: 0.0035 | M76: 1.1316 | N76: 2.5073 | O76: 1.377 | Q76: 0.758 | R76: 0.7856 | S76: 0.7847 | T76: B3SMD 05 LUMO
A77: M6SMD | B77: vertical electron affinity | C77: VEA_eV | D77: extended | E77: 7 | F77: ='M6SMD 06 VEA'!Q7 | G77: ='M6SMD 06 VEA'!Q5 | H77: 0.8275 | I77: 0.2059 | J77: 6.8345 | K77: -11.7573 | L77: 0.0045 | M77: 1.1886 | N77: 2.5504 | O77: 1.696 | Q77: 0.716 | R77: 0.7322 | S77: 0.7183 | T77: M6SMD 06 VEA
A78: M6SMD | B78: largest Fukui f+ on a C–X bond | C78: max_fplus_CX | D78: extended | E78: 7 | F78: ='M6SMD 14 fplus_CX'!Q7 | G78: ='M6SMD 14 fplus_CX'!Q5 | H78: 0.5331 | I78: 0.1795 | J78: 105.2913 | K78: -15.9496 | L78: 0.0624 | M78: 1.9556 | N78: 2.5925 | O78: 5.003 | Q78: 0.5645 | R78: 0.3151 | S78: 0.2696 | T78: M6SMD 14 fplus_CX
A79: M6SMD | B79: Savéant intrinsic barrier (weakest C–X) | C79: min_dG0_act_concerted_kcal | D79: extended | E79: 7 | F79: ='M6SMD 05 dG0_act_concerted'!Q7 | G79: ='M6SMD 05 dG0_act_concerted'!Q5 | H79: 0.8285 | I79: 0.1375 | J79: -2.5709 | K79: 65.0512 | L79: 0.0044 | M79: 1.1854 | N79: 2.658 | O79: 9.533 | P79: 1.523 | Q79: 0.7702 | R79: 0.1888 | S79: 0.1623 | T79: M6SMD 05 dG0_act_concerted
A80: M6gas | B80: ΔG ArX + H⁺ + 2e⁻ → ArH + X⁻ | C80: min_dG_2e_HDH_kcal | D80: extended | E80: 7 | F80: ='M6gas 09 dG 2e_HDH'!Q7 | G80: ='M6gas 09 dG 2e_HDH'!Q5 | H80: 0.7853 | I80: 0.0999 | J80: -0.7524 | K80: -321.3947 | L80: 0.0079 | M80: 1.3262 | N80: 2.7153 | O80: 5.036 | Q80: 0.8894 | R80: 0.3672 | S80: 0.3531 | T80: M6gas 09 dG 2e_HDH
A81: B3gas | B81: ΔG ArX + H⁺ + 2e⁻ → ArH + X⁻ | C81: min_dG_2e_HDH_kcal | D81: extended | E81: 7 | F81: ='B3gas 11 dG 2e_HDH'!Q7 | G81: ='B3gas 11 dG 2e_HDH'!Q5 | H81: 0.7562 | I81: 0.0213 | J81: -0.6342 | K81: -275.8338 | L81: 0.011 | M81: 1.4133 | N81: 2.8314 | O81: 3.233 | Q81: 0.8755 | R81: 0.5178 | S81: 0.4978 | T81: B3gas 11 dG 2e_HDH
A82: M6SMD | B82: Savéant concerted barrier | C82: eff_dG_act_concerted_kcal @ -2.00 V | D82: extended | E82: 7 | F82: ='M6SMD 08 dG act_concerted'!Q7 | G82: ='M6SMD 08 dG act_concerted'!Q5 | H82: 0.8007 | I82: -0.0434 | J82: -1.0471 | K82: 20.6633 | L82: 0.0065 | M82: 1.2776 | N82: 2.9235 | O82: 2.672 | P82: 0.62 | Q82: 0.8484 | R82: 0.6003 | S82: 0.5449 | T82: M6SMD 08 dG act_concerted
A83: M6SMD | B83: combined stepwise + concerted | C83: eff_dG_act_combined_kcal @ -2.00 V | D83: extended | E83: 7 | F83: ='M6SMD 09 dG act_combined'!Q7 | G83: ='M6SMD 09 dG act_combined'!Q5 | H83: 0.8007 | I83: -0.0434 | J83: -1.0471 | K83: 20.6633 | L83: 0.0065 | M83: 1.2776 | N83: 2.9235 | O83: 2.672 | P83: 0.62 | Q83: 0.8484 | R83: 0.6003 | S83: 0.5449 | T83: M6SMD 09 dG act_combined
A84: B3gas | B84: electrophilicity index (ΔSCF) | C84: omega_dSCF_eV | D84: extended | E84: 7 | F84: ='B3gas 12 omega_dSCF'!Q7 | G84: ='B3gas 12 omega_dSCF'!Q5 | H84: 0.7379 | I84: -0.0455 | J84: 9.5917 | K84: -12.795 | L84: 0.0133 | M84: 1.4653 | N84: 2.9264 | O84: 1.519 | Q84: 0.7456 | R84: 0.6953 | S84: 0.6973 | T84: B3gas 12 omega_dSCF
A85: B3SMD | B85: Savéant intrinsic barrier (weakest C–X) | C85: min_dG0_act_concerted_kcal | D85: extended | E85: 7 | F85: ='B3SMD 08 dG0_act_concerted'!Q7 | G85: ='B3SMD 08 dG0_act_concerted'!Q5 | H85: 0.7878 | I85: -0.0947 | J85: -2.0629 | K85: 49.9981 | L85: 0.0077 | M85: 1.3185 | N85: 2.9945 | O85: 6.197 | P85: 1.222 | Q85: 0.7723 | R85: 0.3017 | S85: 0.2533 | T85: B3SMD 08 dG0_act_concerted
A86: M6SMD | B86: electrophilicity index (ΔSCF) | C86: omega_dSCF_eV | D86: extended | E86: 7 | F86: ='M6SMD 10 omega_dSCF'!Q7 | G86: ='M6SMD 10 omega_dSCF'!Q5 | H86: 0.7953 | I86: -0.1301 | J86: 8.9362 | K86: -16.6302 | L86: 0.007 | M86: 1.295 | N86: 3.0426 | O86: 1.638 | Q86: 0.7414 | R86: 0.7301 | S86: 0.7038 | T86: M6SMD 10 omega_dSCF
A87: B3SMD | B87: Savéant concerted barrier | C87: eff_dG_act_concerted_kcal @ -2.00 V | D87: extended | E87: 7 | F87: ='B3SMD 10 dG act_concerted'!Q7 | G87: ='B3SMD 10 dG act_concerted'!Q5 | H87: 0.7709 | I87: -0.2348 | J87: -0.8657 | K87: 13.9001 | L87: 0.0093 | M87: 1.3698 | N87: 3.1803 | O87: 1.482 | P87: 0.513 | Q87: 0.8556 | R87: 0.7556 | S87: 0.7153 | T87: B3SMD 10 dG act_concerted
A88: B3SMD | B88: ΔG ArX + e⁻ → ArX•⁻ | C88: dG_ET_any_kcal | D88: thermo | E88: 7 | F88: ='B3SMD 12 dG ET_any'!Q7 | G88: ='B3SMD 12 dG ET_any'!Q5 | H88: 0.7489 | I88: -0.253 | J88: -0.4652 | K88: -32.1512 | L88: 0.0119 | M88: 1.4343 | N88: 3.2037 | O88: 3.474 | Q88: 0.7728 | R88: 0.6344 | S88: 0.6354 | T88: B3SMD 12 dG ET_any
A89: B3gas | B89: largest C–X elongation in ArX•⁻ | C89: max_dr_CX_RA_A | D89: extended | E89: 7 | F89: ='B3gas 15 dr_CX_RA'!Q7 | G89: ='B3gas 15 dr_CX_RA'!Q5 | H89: 0.3399 | I89: -0.3259 | J89: -4.3974 | K89: 0.4763 | L89: 0.1695 | M89: 2.3253 | N89: 3.2955 | O89: 3.101 | Q89: 0.0072 | R89: 0.1292 | S89: 0.0843 | T89: B3gas 15 dr_CX_RA
A90: M6gas | B90: LUMO of the radical anion ArX•⁻ | C90: LUMO_RA_eV | D90: thermo | E90: 7 | F90: ='M6gas 14 LUMO_RA'!Q7 | G90: ='M6gas 14 LUMO_RA'!Q5 | H90: 0.4408 | I90: -0.3728 | J90: -5.7594 | K90: 10.3861 | L90: 0.1039 | M90: 2.1401 | N90: 3.3533 | O90: 2.65 | Q90: 0.3041 | R90: 0.3335 | S90: 0.3261 | T90: M6gas 14 LUMO_RA
A91: B3SMD | B91: vertical electron affinity | C91: VEA_eV | D91: extended | E91: 7 | F91: ='B3SMD 13 VEA'!Q7 | G91: ='B3SMD 13 VEA'!Q5 | H91: 0.7452 | I91: -0.4275 | J91: 4.8048 | K91: -9.1902 | L91: 0.0123 | M91: 1.4448 | N91: 3.4195 | O91: 1.655 | Q91: 0.7168 | R91: 0.678 | S91: 0.6777 | T91: B3SMD 13 VEA
A92: M6gas | B92: LUMO of ArX | C92: LUMO_eV | D92: thermo | E92: 7 | F92: ='M6gas 11 LUMO'!Q7 | G92: ='M6gas 11 LUMO'!Q5 | H92: 0.7588 | I92: -0.4638 | J92: -5.4215 | K92: -4.9087 | L92: 0.0107 | M92: 1.4055 | N92: 3.4627 | O92: 1.623 | Q92: 0.6747 | R92: 0.7078 | S92: 0.6948 | T92: M6gas 11 LUMO
A93: M6SMD | B93: LUMO of ArX | C93: LUMO_eV | D93: thermo | E93: 7 | F93: ='M6SMD 11 LUMO'!Q7 | G93: ='M6SMD 11 LUMO'!Q5 | H93: 0.7412 | I93: -0.6612 | J93: -4.8021 | K93: -3.7877 | L93: 0.0128 | M93: 1.4559 | N93: 3.6888 | O93: 1.49 | Q93: 0.7307 | R93: 0.7094 | S93: 0.7075 | T93: M6SMD 11 LUMO
A94: B3SMD | B94: ΔG ArX + e⁻ → Ar• + X⁻ | C94: min_dG_1e_kcal | D94: thermo | E94: 7 | F94: ='B3SMD 15 dG 1e'!Q7 | G94: ='B3SMD 15 dG 1e'!Q5 | H94: 0.6779 | I94: -0.7484 | J94: -0.6773 | K94: -46.9141 | L94: 0.0228 | M94: 1.6242 | N94: 3.7844 | O94: 3.362 | Q94: 0.8099 | R94: 0.3666 | S94: 0.3471 | T94: B3SMD 15 dG 1e
A95: M6SMD | B95: ΔG ArX + e⁻ → Ar• + X⁻ | C95: min_dG_1e_kcal | D95: thermo | E95: 7 | F95: ='M6SMD 12 dG 1e'!Q7 | G95: ='M6SMD 12 dG 1e'!Q5 | H95: 0.7086 | I95: -0.7651 | J95: -0.9294 | K95: -58.5479 | L95: 0.0175 | M95: 1.545 | N95: 3.8024 | O95: 2.993 | Q95: 0.8561 | R95: 0.4351 | S95: 0.3964 | T95: M6SMD 12 dG 1e
A96: M6SMD | B96: LUMO of the radical anion ArX•⁻ | C96: LUMO_RA_eV | D96: thermo | E96: 7 | F96: ='M6SMD 19 LUMO_RA'!Q7 | G96: ='M6SMD 19 LUMO_RA'!Q5 | H96: 0.1122 | I96: -0.7702 | J96: -1.8929 | K96: -3.4021 | L96: 0.4628 | M96: 2.6968 | N96: 3.8079 | O96: 1.963 | Q96: 0.3594 | R96: 0.2168 | S96: 0.2206 | T96: M6SMD 19 LUMO_RA
A97: B3SMD | B97: largest C–X elongation in ArX•⁻ | C97: max_dr_CX_RA_A | D97: extended | E97: 7 | F97: ='B3SMD 17 dr_CX_RA'!Q7 | G97: ='B3SMD 17 dr_CX_RA'!Q5 | H97: 0.2416 | I97: -0.8336 | J97: -2.8228 | K97: -0.7115 | L97: 0.2626 | M97: 2.4924 | N97: 3.8755 | O97: 5.995 | Q97: 0.0014 | R97: 0.0266 | S97: 0.023 | T97: B3SMD 17 dr_CX_RA
A98: B3SMD | B98: weakest C–X bond enthalpy | C98: min_BDE_kcal | D98: extended | E98: 7 | F98: ='B3SMD 16 BDE'!Q7 | G98: ='B3SMD 16 BDE'!Q5 | H98: 0.6652 | I98: -0.9488 | J98: -0.7196 | K98: 49.7511 | L98: 0.0253 | M98: 1.6561 | N98: 3.9954 | O98: 8.508 | Q98: 0.7244 | R98: 0.1602 | S98: 0.153 | T98: B3SMD 16 BDE
A99: M6SMD | B99: ΔG ArX + e⁻ → ArX•⁻ | C99: dG_ET_any_kcal | D99: thermo | E99: 7 | F99: ='M6SMD 15 dG ET_any'!Q7 | G99: ='M6SMD 15 dG ET_any'!Q5 | H99: 0.4856 | I99: -0.9527 | J99: -0.2147 | K99: -14.1465 | L99: 0.0819 | M99: 2.0527 | N99: 3.9994 | O99: 1.905 | Q99: 0.5258 | R99: 0.4882 | S99: 0.4763 | T99: M6SMD 15 dG ET_any
A100: M6gas | B100: largest C–X elongation in ArX•⁻ | C100: max_dr_CX_RA_A | D100: extended | E100: 7 | F100: ='M6gas 15 dr_CX_RA'!Q7 | G100: ='M6gas 15 dr_CX_RA'!Q5 | H100: 0.1135 | I100: -0.9953 | J100: -2.4631 | K100: -0.7542 | L100: 0.4599 | M100: 2.6947 | N100: 4.0428 | O100: 2.673 | Q100: 0.0048 | R100: 0.0518 | S100: 0.027 | T100: M6gas 15 dr_CX_RA
A101: M6SMD | B101: largest C–X elongation in ArX•⁻ | C101: max_dr_CX_RA_A | D101: extended | E101: 7 | F101: ='M6SMD 17 dr_CX_RA'!Q7 | G101: ='M6SMD 17 dr_CX_RA'!Q5 | H101: 0.31 | I101: -1.063 | J101: -1.5677 | K101: -0.5597 | L101: 0.1942 | M101: 2.3774 | N101: 4.1108 | O101: 2.77 | Q101: 0.0214 | R101: 0.1161 | S101: 0.1116 | T101: M6SMD 17 dr_CX_RA
A102: M6SMD | B102: weakest C–X bond enthalpy | C102: min_BDE_kcal | D102: extended | E102: 7 | F102: ='M6SMD 13 BDE'!Q7 | G102: ='M6SMD 13 BDE'!Q5 | H102: 0.7007 | I102: -1.0808 | J102: -1.026 | K102: 75.3209 | L102: 0.0188 | M102: 1.5658 | N102: 4.1284 | O102: 15.162 | Q102: 0.7432 | R102: 0.0822 | S102: 0.0799 | T102: M6SMD 13 BDE
A103: M6SMD | B103: ΔG ArX•⁻ + e⁻ → Ar⁻ + X⁻ | C103: min_dG_RA_2e_any_kcal | D103: thermo | E103: 7 | F103: ='M6SMD 18 dG RA_2e_any'!Q7 | G103: ='M6SMD 18 dG RA_2e_any'!Q5 | H103: 0.1955 | I103: -1.3665 | J103: -0.1704 | K103: -18.3873 | L103: 0.3205 | M103: 2.567 | N103: 4.4028 | O103: 3.789 | Q103: 0.2656 | R103: 0.0294 | S103: 0.0347 | T103: M6SMD 18 dG RA_2e_any
A104: B3gas | B104: weakest C–X bond enthalpy | C104: min_BDE_kcal | D104: extended | E104: 7 | F104: ='B3gas 14 BDE'!Q7 | G104: ='B3gas 14 BDE'!Q5 | H104: 0.6258 | I104: -1.3979 | J104: -0.7137 | K104: 49.4084 | L104: 0.0341 | M104: 1.7507 | N104: 4.4319 | O104: 8.143 | Q104: 0.7051 | R104: 0.1575 | S104: 0.1497 | T104: B3gas 14 BDE
A105: B3SMD | B105: electrophilicity index (ΔSCF) | C105: omega_dSCF_eV | D105: extended | E105: 7 | F105: ='B3SMD 14 omega_dSCF'!Q7 | G105: ='B3SMD 14 omega_dSCF'!Q5 | H105: 0.6786 | I105: -1.5279 | J105: 5.4507 | K105: -11.0661 | L105: 0.0227 | M105: 1.6225 | N105: 4.5505 | O105: 1.719 | Q105: 0.7427 | R105: 0.6268 | S105: 0.6207 | T105: B3SMD 14 omega_dSCF
...

Sheet Data
A1: level | B1: compound | C1: label | D1: species | E1: group | F1: kobs (1/h) | G1: SE (1/h) | H1: ln kobs | I1: LUMO_eV | J1: LUMO_RA_eV | K1: min_dG_1e_kcal | L1: min_dG_2e_carbanion_kcal | M1: dG_ET_any_kcal | N1: min_dG_frag_any_kcal | O1: min_dG_RA_2e_any_kcal | P1: n_X | Q1: VEA_eV | R1: AEA_elec_eV | S1: omega_dSCF_eV | T1: E_ET_V | U1: dG_ET_kcal | V1: min_dG_frag_kcal | W1: min_dG_RA_2e_kcal | X1: min_dG_2e_HDH_kcal | Y1: min_dG_rad_red_kcal | Z1: lambda_i_kcal | AA1: min_BDE_kcal | AB1: min_dG0_act_concerted_kcal | AC1: eff_dG_act_concerted_kcal @ -2.00 V | AD1: eff_dG_act_combined_kcal @ -2.00 V | AE1: max_fplus_CX | AF1: min_wiberg_CX_parent | AG1: max_spin_RA_X | AH1: max_dr_CX_RA_A
A2: B3gas | B2: Bromobenzene | C2: MonoBr | D2: BrBz_1 | E2: bromobenzene | F2: 0.002 | G2: 0.00021 | H2: -6.2146 | I2: -0.84 | J2: 2.0743 | K2: -13.36 | L2: -37.3 | M2: -12.91 | N2: -0.45 | O2: -24.39 | P2: 1 | Q2: -0.449 | S2: 0.957 | X2: -427.77 | Y2: -23.94 | AA2: 74.12 | AE2: 0.1498 | AF2: 1.0359 | AH2: 0.9262
A3: B3gas | B3: 1,4-Dibromobenzene | C3: 1,4-DiBr | D3: BrBz_14 | E3: bromobenzene | F3: 0.012 | G3: 0.0014 | H3: -4.4228 | I3: -1.201 | J3: 1.96 | K3: -13.77 | L3: -47.41 | M3: -18.93 | N3: 5.16 | O3: -28.48 | P3: 2 | Q3: -0.671 | S3: 0.863 | X3: -430.06 | Y3: -33.64 | AA3: 74.12 | AE3: 0.4011 | AF3: 1.0408 | AH3: 0.8605
A4: B3gas | B4: 1,3-Dibromobenzene | C4: 1,3-DiBr | D4: BrBz_13 | E4: bromobenzene | F4: 0.0329 | G4: 0.0031 | H4: -3.4143 | I4: -1.19 | J4: 1.6376 | K4: -14.58 | L4: -50.97 | M4: -19.99 | N4: 5.41 | O4: -30.98 | P4: 2 | Q4: -0.222 | S4: 1.032 | X4: -429.7 | Y4: -36.39 | AA4: 73.33 | AE4: 0.2248 | AF4: 1.0417 | AH4: 0.0475
A5: B3gas | B5: 1,2,4-Tribromobenzene | C5: 1,2,4-TriBr | D5: BrBz_124 | E5: bromobenzene | F5: 0.55 | G5: 0.082 | H5: -0.5978 | I5: -1.525 | J5: 1.2517 | K5: -16.77 | L5: -69.17 | M5: -26.74 | N5: 9.97 | O5: -42.44 | P5: 3 | Q5: 0.063 | S5: 1.118 | X5: -432.76 | Y5: -52.41 | AA5: 70.93 | AE5: 0.271 | AF5: 1.0452 | AH5: 0.7235
A6: B3gas | B6: 1,3,5-Tribromobenzene | C6: 1,3,5-TriBr | D6: BrBz_135 | E6: bromobenzene | F6: 0.9 | G6: 0.15 | H6: -0.1054 | I6: -1.638 | J6: 1.1129 | K6: -15.54 | L6: -63.39 | M6: -27.39 | N6: 11.86 | O6: -36 | P6: 3 | Q6: 0.164 | S6: 1.199 | X6: -431.09 | Y6: -47.86 | AA6: 72.64 | AE6: 0.2669 | AF6: 1.0465 | AH6: 0.7132
A7: B3gas | B7: 1,2,4,5-Tetrabromobenzene | C7: 1,2,4,5-TetrBr | D7: BrBz_1245 | E7: bromobenzene | F7: 2.5 | G7: 0.28 | H7: 0.9163 | I7: -1.863 | J7: 0.9924 | K7: -17.23 | L7: -74.6 | M7: -30.89 | N7: 13.66 | O7: -43.71 | P7: 4 | Q7: 0.417 | S7: 1.257 | X7: -434.37 | Y7: -57.37 | AA7: 71.28 | AE7: 0.214 | AF7: 1.0544 | AH7: 0.0198
A8: B3gas | B8: Hexabromobenzene | C8: HexaBr | D8: BrBz_123456 | E8: bromobenzene | F8: 10 | G8: 1.3 | H8: 2.3026 | I8: -2.723 | J8: 0.2231 | K8: -24.73 | L8: -97.23 | M8: -46.83 | N8: 22.11 | O8: -50.39 | P8: 6 | Q8: 1.313 | R8: 1.787 | S8: 1.709 | U8: -46.83 | V8: 22.11 | W8: -50.39 | X8: -440.64 | Y8: -72.5 | Z8: 23.67 | AA8: 64.31 | AE8: 0.1667 | AF8: 1.0634 | AG8: 0.10526 | AH8: 0.0908
A9: B3gas | B9: BDE-47 | C9: BDE-47 | D9: BDE_24_24 | E9: pbde | F9: 0.078 | G9: 0.018 | H9: -2.551 | I9: -1.575 | J9: 1.0397 | K9: -15.72 | L9: -74.87 | M9: -28.49 | N9: 12.77 | O9: -46.38 | P9: 4 | Q9: 0.235 | S9: 1.099 | X9: -432.05 | Y9: -59.15 | AA9: 71.61 | AE9: 0.1206 | AF9: 1.0412 | AH9: 0.0135
A10: B3gas | B10: BDE-99 | C10: BDE-99 | D10: BDE_245_24 | E10: pbde | F10: 0.45 | G10: 0.068 | H10: -0.7985 | I10: -1.69 | J10: 0.7611 | K10: -16.39 | L10: -85.28 | M10: -23.93 | N10: 7.54 | O10: -61.35 | P10: 5 | Q10: 0.41 | S10: 1.192 | X10: -433.68 | Y10: -69.6 | AA10: 71.31 | AE10: 0.1534 | AF10: 1.0454 | AH10: 0.7027
A11: B3gas | B11: Hexachlorobenzene | C11: HexaCl | D11: ClBz_123456 | E11: chlorobenzene | F11: 4.7393042 | H11: 1.5559 | I11: -1.995 | J11: 0.9818 | K11: -11.63 | L11: -83.08 | M11: -34.01 | N11: 22.38 | O11: -49.07 | P11: 6 | Q11: 0.256 | R11: 1.225 | S11: 1.244 | U11: -34.01 | V11: 22.38 | W11: -49.07 | X11: -429.78 | Y11: -71.45 | Z11: 40.2 | AA11: 83.09 | AE11: 0.2258 | AF11: 1.0891 | AG11: 0.07279 | AH11: 0.0719
A12: B3gas | B12: Pentachlorobenzene | C12: PentaCl | D12: ClBz_12345 | E12: chlorobenzene | F12: 0.19793594 | H12: -1.6198 | I12: -1.785 | J12: 0.9665 | K12: -10.39 | L12: -78.49 | M12: -28.12 | N12: 17.74 | O12: -50.37 | P12: 5 | Q12: 0.106 | R12: 1.067 | S12: 1.174 | U12: -28.12 | V12: 17.74 | W12: -50.37 | X12: -427.83 | Y12: -68.1 | Z12: 69.83 | AA12: 83.27 | AE12: 0.2291 | AF12: 1.0783 | AG12: 0.36682 | AH12: 0.6122
A13: B3gas | B13: 1,2,4,5-Tetrachlorobenzene | C13: 1,2,4,5-TetraCl | D13: ClBz_1245 | E13: chlorobenzene | F13: 0.29523017 | H13: -1.22 | I13: -1.67 | J13: 1.4713 | K13: -7.63 | L13: -62.59 | M13: -21.44 | N13: 13.81 | O13: -41.14 | P13: 4 | Q13: -0.052 | S13: 1.103 | X13: -425.53 | Y13: -54.95 | AA13: 86.63 | AE13: 0.1526 | AF13: 1.0754 | AH13: 0.0451
A14: B3gas | B14: 1,2-Dichlorobenzene | C14: 1,2-DiCl | D14: ClBz_12 | E14: chlorobenzene | F14: 0.042852127 | H14: -3.15 | I14: -1.1 | J14: 1.8912 | K14: -7.02 | L14: -47.71 | M14: -11.69 | N14: 4.67 | O14: -36.01 | P14: 2 | Q14: -0.726 | S14: 0.885 | X14: -423.64 | Y14: -40.69 | AA14: 86.82 | AE14: 0.1622 | AF14: 1.0669 | AH14: 0.857
A15: B3gas | B15: 1,4-Dichlorobenzene | C15: 1,4-DiCl | D15: ClBz_14 | E15: chlorobenzene | F15: 0.000905247 | H15: -7.0073 | I15: -1.184 | J15: 2.7538 | K15: -5.04 | L15: -37.66 | M15: 4.13 | N15: -9.16 | O15: -41.79 | P15: 2 | Q15: -0.665 | R15: -0.384 | S15: 0.89 | U15: 4.13 | V15: -9.16 | W15: -41.79 | X15: -421.48 | Y15: -32.62 | Z15: 17.13 | AA15: 88.66 | AE15: 0.147 | AF15: 1.0559 | AG15: 0.05043 | AH15: 0.0836
A16: B3SMD | B16: Bromobenzene | C16: MonoBr | D16: BrBz_1 | E16: bromobenzene | F16: 0.002 | G16: 0.00021 | H16: -6.2146 | I16: -0.708 | J16: -1.7437 | K16: -63.58 | L16: -147.23 | M16: -60.42 | N16: -3.16 | O16: -86.81 | P16: 1 | Q16: 1.013 | S16: 1.316 | X16: -214.76 | Y16: -83.65 | AA16: 74.26 | AB16: 26.44 | AC16: 21.24 | AE16: 0.1124 | AF16: 1.0259 | AH16: 1.34
A17: B3SMD | B17: 1,4-Dibromobenzene | C17: 1,4-DiBr | D17: BrBz_14 | E17: bromobenzene | F17: 0.012 | G17: 0.0014 | H17: -4.4228 | I17: -0.992 | J17: -1.6188 | K17: -64.03 | L17: -151.25 | M17: -61.54 | N17: -2.49 | O17: -89.71 | P17: 2 | Q17: 1.234 | S17: 1.447 | X17: -216.7 | Y17: -87.22 | AA17: 74.2 | AB17: 26.01 | AC17: 20.19932 | AE17: 0.1192 | AF17: 1.0325 | AH17: 0.0095
A18: B3SMD | B18: 1,3-Dibromobenzene | C18: 1,3-DiBr | D18: BrBz_13 | E18: bromobenzene | F18: 0.0329 | G18: 0.0031 | H18: -3.4143 | I18: -1.029 | J18: -1.7255 | K18: -65.02 | L18: -153.37 | M18: -61.54 | N18: -3.48 | O18: -91.83 | P18: 2 | Q18: 1.245 | S18: 1.466 | X18: -216.62 | Y18: -88.35 | AA18: 73.29 | AB18: 25.78 | AC18: 19.52932 | AE18: 0.1533 | AF18: 1.0336 | AH18: 0.018
A19: B3SMD | B19: 1,2,4-Tribromobenzene | C19: 1,2,4-TriBr | D19: BrBz_124 | E19: bromobenzene | F19: 0.55 | G19: 0.082 | H19: -0.5978 | I19: -1.426 | J19: -2.0145 | K19: -67.31 | L19: -164.3 | M19: -65.85 | N19: -1.46 | O19: -98.45 | P19: 3 | Q19: 1.521 | S19: 1.649 | X19: -219.79 | Y19: -96.99 | AA19: 70.72 | AB19: 24.8 | AC19: 17.74253 | AE19: 0.3598 | AF19: 1.0392 | AH19: 0.84
A20: B3SMD | B20: 1,3,5-Tribromobenzene | C20: 1,3,5-TriBr | D20: BrBz_135 | E20: bromobenzene | F20: 0.9 | G20: 0.15 | H20: -0.1054 | I20: -1.51 | J20: -1.9519 | K20: -65.46 | L20: -159.14 | M20: -64.5 | N20: -0.97 | O20: -94.64 | P20: 3 | Q20: 1.472 | S20: 1.637 | X20: -217.99 | Y20: -93.68 | AA20: 72.41 | AB20: 25.22 | AC20: 18.54909 | AE20: 0.126 | AF20: 1.0413 | AH20: 0.0219
A21: B3SMD | B21: 1,2,4,5-Tetrabromobenzene | C21: 1,2,4,5-TetrBr | D21: BrBz_1245 | E21: bromobenzene | F21: 2.5 | G21: 0.28 | H21: 0.9163 | I21: -1.758 | J21: -2.0667 | K21: -67.85 | L21: -167.94 | M21: -68.1 | N21: 0.25 | O21: -99.84 | P21: 4 | Q21: 1.815 | S21: 1.874 | X21: -221.89 | Y21: -100.08 | AA21: 70.98 | AB21: 24.58 | AC21: 16.72864 | AE21: 0.2063 | AF21: 1.0505 | AH21: 0.0097
A22: B3SMD | B22: Hexabromobenzene | C22: HexaBr | D22: BrBz_123456 | E22: bromobenzene | F22: 10 | G22: 1.3 | H22: 2.3026 | I22: -2.69 | J22: -2.5353 | K22: -74.57 | L22: -184.25 | M22: -77.05 | N22: 2.49 | O22: -107.2 | P22: 6 | Q22: 2.688 | R22: 3.165 | S22: 2.706 | T22: -0.94 | U22: -77.05 | V22: 2.49 | W22: -107.2 | X22: -227.26 | Y22: -109.69 | Z22: 23.87 | AA22: 64.16 | AB22: 22.42 | AC22: 11.72841 | AE22: 0.1667 | AF22: 1.0616 | AG22: 0.09972 | AH22: 0.0832
A23: B3SMD | B23: BDE-47 | C23: BDE-47 | D23: BDE_24_24 | E23: pbde | F23: 0.078 | G23: 0.018 | H23: -2.551 | I23: -1.271 | J23: -1.932 | K23: -66.26 | L23: -166.45 | M23: -63.25 | N23: -3.02 | O23: -103.2 | P23: 4 | Q23: 1.503 | S23: 1.59 | X23: -219.46 | Y23: -100.19 | AA23: 71.69 | AB23: 23.87 | AC23: 17.06427 | AE23: 0.0946 | AF23: 1.0333 | AH23: 0.0034
A24: B3SMD | B24: BDE-99 | C24: BDE-99 | D24: BDE_245_24 | E24: pbde | F24: 0.45 | G24: 0.068 | H24: -0.7985 | I24: -1.487 | K24: -67.25 | L24: -173.47 | P24: 5 | Q24: 1.64 | S24: 1.706 | X24: -220.63 | Y24: -107.38 | AA24: 71.04 | AB24: 23.56 | AC24: 16.34236 | AE24: 0.1357 | AF24: 1.0364
A25: B3SMD | B25: Hexachlorobenzene | C25: HexaCl | D25: ClBz_123456 | E25: chlorobenzene | F25: 4.7393042 | H25: 1.5559 | I25: -1.904 | J25: -2.8001 | K25: -74.03 | L25: -187.46 | M25: -73.5 | N25: -0.53 | O25: -113.96 | P25: 6 | Q25: 1.88 | R25: 3.026 | S25: 1.94 | T25: -1.094 | U25: -73.5 | V25: -0.53 | W25: -113.96 | X25: -229.4 | Y25: -113.44 | Z25: 82.61 | AA25: 83.47 | AB25: 27.56 | AC25: 16.82841 | AE25: 0.2295 | AF25: 1.0843 | AG25: 0.31336 | AH25: 0.7995
A26: B3SMD | B26: Pentachlorobenzene | C26: PentaCl | D26: ClBz_12345 | E26: chlorobenzene | F26: 0.19793594 | H26: -1.6198 | I26: -1.539 | J26: -2.7135 | K26: -73.41 | L26: -184.82 | M26: -71.62 | N26: -1.79 | O26: -113.2 | P26: 5 | Q26: 1.765 | R26: 2.979 | S26: 1.841 | T26: -1.175 | U26: -71.62 | V26: -1.79 | W26: -113.2 | X26: -227.91 | Y26: -111.41 | Z26: 84.96 | AA26: 83.68 | AB26: 27.81 | AC26: 17.96238 | AE26: 0.2265 | AF26: 1.0726 | AG26: 0.30346 | AH26: 0.8373
A27: B3SMD | B27: 1,2,4,5-Tetrachlorobenzene | C27: 1,2,4,5-TetraCl | D27: ClBz_1245 | E27: chlorobenzene | F27: 0.29523017 | H27: -1.22 | I27: -1.372 | J27: -2.4798 | K27: -70.79 | L27: -172.09 | M27: -67.72 | N27: -3.07 | O27: -104.37 | P27: 4 | Q27: 1.653 | S27: 1.746 | X27: -225.58 | Y27: -101.3 | AA27: 86.94 | AB27: 28.84 | AC27: 19.64864 | AE27: 0.1388 | AF27: 1.0672 | AH27: 0.024
A28: B3SMD | B28: 1,2-Dichlorobenzene | C28: 1,2-DiCl | D28: ClBz_12 | E28: chlorobenzene | F28: 0.042852127 | H28: -3.15 | I28: -0.896 | J28: -3.0937 | K28: -70.02 | L28: -164.42 | M28: -70.07 | N28: 0.04 | O28: -94.35 | P28: 2 | Q28: 1.217 | S28: 1.446 | X28: -222.98 | Y28: -94.4 | AA28: 87.27 | AB28: 29.46 | AC28: 20.97932 | AE28: 0.1334 | AF28: 1.0538 | AH28: 5.221
A29: B3SMD | B29: 1,4-Dichlorobenzene | C29: 1,4-DiCl | D29: ClBz_14 | E29: chlorobenzene | F29: 0.000905247 | H29: -7.0073 | I29: -0.933 | J29: -0.1641 | K29: -67.98 | L29: -155.14 | M29: -38.68 | N29: -29.3 | O29: -116.47 | P29: 2 | Q29: 1.254 | R29: 1.456 | S29: 1.457 | T29: -2.604 | U29: -38.68 | V29: -29.3 | W29: -116.47 | X29: -220.72 | Y29: -87.17 | Z29: 11.31 | AA29: 89.16 | AB29: 29.94 | AC29: 22.32932 | AE29: 0.1166 | AF29: 1.043 | AG29: 0.01484 | AH29: 0.0391
A30: M6gas | B30: Bromobenzene | C30: MonoBr | D30: BrBz_1 | E30: bromobenzene | F30: 0.002 | G30: 0.00021 | H30: -6.2146 | I30: -0.11 | J30: 2.169 | K30: -8.09 | L30: -31.81 | M30: -8.04 | N30: -0.05 | O30: -23.77 | P30: 1 | Q30: -0.76 | S30: 0.898 | X30: -420.73 | Y30: -23.72 | AA30: 77.11 | AE30: 0.0911 | AF30: 1.041 | AH30: 1.0136
A31: M6gas | B31: 1,4-Dibromobenzene | C31: 1,4-DiBr | D31: BrBz_14 | E31: bromobenzene | F31: 0.012 | G31: 0.0014 | H31: -4.4228 | I31: -0.299 | J31: 2.427 | K31: -8.65 | L31: -42.18 | M31: -13.4 | N31: 4.75 | O31: -28.78 | P31: 2 | Q31: -1.072 | S31: 0.791 | X31: -423.09 | Y31: -33.53 | AA31: 76.96 | AE31: 0.3699 | AF31: 1.0456 | AH31: 0.0234
A32: M6gas | B32: 1,3-Dibromobenzene | C32: 1,3-DiBr | D32: BrBz_13 | E32: bromobenzene | F32: 0.0329 | G32: 0.0031 | H32: -3.4143 | I32: -0.273 | J32: 2.2403 | K32: -9.35 | L32: -44.74 | M32: -14.25 | N32: 4.91 | O32: -30.49 | P32: 2 | Q32: -0.638 | S32: 0.942 | X32: -422.85 | Y32: -35.4 | AA32: 76.32 | AE32: 0.1425 | AF32: 1.0467 | AH32: 0.0336
A33: M6gas | B33: 1,2,4-Tribromobenzene | C33: 1,2,4-TriBr | D33: BrBz_124 | E33: bromobenzene | F33: 0.55 | G33: 0.082 | H33: -0.5978 | I33: -0.546 | J33: 2.2202 | K33: -10.52 | L33: -62.05 | M33: -21.29 | N33: 10.77 | O33: -40.76 | P33: 3 | Q33: -0.252 | S33: 1.054 | X33: -425.07 | Y33: -51.53 | AA33: 74.89 | AE33: 0.2598 | AF33: 1.0499 | AH33: 0.6785
A34: M6gas | B34: 1,3,5-Tribromobenzene | C34: 1,3,5-TriBr | D34: BrBz_135 | E34: bromobenzene | F34: 0.9 | G34: 0.15 | H34: -0.1054 | I34: -0.587 | J34: 2.1902 | K34: -10.28 | L34: -56.2 | M34: -20.94 | N34: 10.67 | O34: -35.26 | P34: 3 | Q34: -0.2 | S34: 1.115 | X34: -424.28 | Y34: -45.93 | AA34: 75.65 | AE34: 0.1441 | AF34: 1.0515 | AH34: 0.7074
A35: M6gas | B35: 1,2,4,5-Tetrabromobenzene | C35: 1,2,4,5-TetrBr | D35: BrBz_1245 | E35: bromobenzene | F35: 2.5 | G35: 0.28 | H35: 0.9163 | I35: -0.794 | J35: 2.0588 | K35: -11.14 | L35: -68.02 | M35: -25.56 | N35: 14.43 | O35: -42.46 | P35: 4 | Q35: 0.056 | S35: 1.165 | X35: -426.76 | Y35: -56.88 | AA35: 75.1 | AE35: 0.1556 | AF35: 1.0586 | AH35: 0.0172
A36: M6gas | B36: Hexabromobenzene | C36: HexaBr | D36: BrBz_123456 | E36: bromobenzene | F36: 10 | G36: 1.3 | H36: 2.3026 | I36: -1.601 | J36: 1.3208 | K36: -16.9 | L36: -88.01 | M36: -39.5 | N36: 22.6 | O36: -48.51 | P36: 6 | Q36: 0.876 | R36: 1.451 | S36: 1.534 | U36: -39.5 | V36: 22.6 | W36: -48.51 | X36: -432.03 | Y36: -71.11 | Z36: 27.77 | AA36: 69.97 | AE36: 0.1667 | AF36: 1.0669 | AG36: 0.08734 | AH36: 0.0665
A37: M6gas | B37: BDE-47 | C37: BDE-47 | D37: BDE_24_24 | E37: pbde | F37: 0.078 | G37: 0.018 | H37: -2.551 | I37: -0.723 | J37: 2.0662 | K37: -9.76 | L37: -69.77 | M37: -23.73 | N37: 13.97 | O37: -46.03 | P37: 4 | Q37: 0.042 | S37: 1.098 | X37: -424.42 | Y37: -60 | AA37: 76.05 | AE37: 0.1005 | AF37: 1.043 | AH37: 0.0103
A38: M6gas | B38: BDE-99 | C38: BDE-99 | D38: BDE_245_24 | E38: pbde | F38: 0.45 | G38: 0.068 | H38: -0.7985 | I38: -0.83 | J38: 1.9143 | K38: -10.15 | L38: -79.58 | M38: -24.65 | N38: 14.49 | O38: -54.93 | P38: 5 | Q38: 0.192 | R38: 0.96 | S38: 1.162 | U38: -24.65 | V38: 14.49 | W38: -54.93 | X38: -425.59 | Y38: -70.03 | Z38: 72.74 | AA38: 75.23 | AE38: 0.1321 | AF38: 1.0492 | AG38: 0.3616 | AH38: 0.7017
A39: M6gas | B39: Hexachlorobenzene | C39: HexaCl | D39: ClBz_123456 | E39: chlorobenzene | F39: 4.7393042 | H39: 1.5559 | I39: -0.948 | J39: 2.1696 | K39: -2.78 | L39: -73.47 | M39: -25.14 | N39: 22.36 | O39: -48.33 | P39: 6 | Q39: 0.242 | R39: 0.937 | S39: 1.288 | U39: -25.14 | V39: 22.36 | W39: -48.33 | X39: -419.86 | Y39: -70.69 | Z39: 34.38 | AA39: 91.03 | AE39: 0.2309 | AF39: 1.0898 | AG39: 0.07141 | AH39: 0.0532
A40: M6gas | B40: Pentachlorobenzene | C40: PentaCl | D40: ClBz_12345 | E40: chlorobenzene | F40: 0.19793594 | H40: -1.6198 | I40: -0.85 | J40: 2.1222 | K40: -1.53 | L40: -68.67 | M40: -20.78 | N40: 19.25 | O40: -47.89 | P40: 5 | Q40: 0.081 | R40: 0.762 | S40: 1.212 | U40: -20.78 | V40: 19.25 | W40: -47.89 | X40: -417.97 | Y40: -67.14 | Z40: 65.49 | AA40: 91.2 | AE40: 0.2358 | AF40: 1.08 | AG40: 0.36801 | AH40: 0.5429
A41: M6gas | B41: 1,2,4,5-Tetrachlorobenzene | C41: 1,2,4,5-TetraCl | D41: ClBz_1245 | E41: chlorobenzene | F41: 0.29523017 | H41: -1.22 | I41: -0.745 | J41: 3.0294 | K41: -0.27 | L41: -54.94 | M41: -9.35 | N41: 9.08 | O41: -45.58 | P41: 4 | Q41: -0.09 | R41: 0.21 | S41: 1.135 | U41: -9.35 | V41: 9.08 | W41: -45.58 | X41: -416.53 | Y41: -54.67 | Z41: 19.45 | AA41: 93.13 | AE41: 0.1501 | AF41: 1.0771 | AG41: 0.04014 | AH41: 0.0483
A42: M6gas | B42: 1,2-Dichlorobenzene | C42: 1,2-DiCl | D42: ClBz_12 | E42: chlorobenzene | F42: 0.042852127 | H42: -3.15 | I42: -0.158 | J42: 2.233 | K42: 0.5 | L42: -39.66 | M42: -4.66 | N42: 5.15 | O42: -35.01 | P42: 2 | Q42: -0.791 | S42: 0.905 | X42: -414.55 | Y42: -40.16 | AA42: 93.47 | AE42: 0.1588 | AF42: 1.0691 | AH42: 0.7839
A43: M6gas | B43: 1,4-Dichlorobenzene | C43: 1,4-DiCl | D43: ClBz_14 | E43: chlorobenzene | F43: 0.000905247 | H43: -7.0073 | I43: -0.236 | J43: 3.0384 | K43: 1.52 | L43: -30.91 | M43: 6.5 | N43: -4.97 | O43: -37.41 | P43: 2 | Q43: -0.72 | R43: -0.492 | S43: 0.911 | U43: 6.5 | V43: -4.97 | W43: -37.41 | X43: -413.02 | Y43: -32.43 | Z43: 13.3 | AA43: 94.37 | AE43: 0.1423 | AF43: 1.0586 | AG43: 0.02006 | AH43: 0.0516
A44: M6SMD | B44: Bromobenzene | C44: MonoBr | D44: BrBz_1 | E44: bromobenzene | F44: 0.002 | G44: 0.00021 | H44: -6.2146 | I44: 0.108 | J44: -1.3622 | K44: -58.53 | L44: -143.45 | M44: -57.07 | N44: -1.45 | O44: -86.37 | P44: 1 | Q44: 0.995 | S44: 1.339 | X44: -208.14 | Y44: -84.92 | AA44: 77.27 | AB44: 27.21 | AC44: 24.32 | AD44: 24.32 | AE44: 0.1078 | AF44: 1.0326 | AH44: 2.9934
A45: M6SMD | B45: 1,4-Dibromobenzene | C45: 1,4-DiBr | D45: BrBz_14 | E45: bromobenzene | F45: 0.012 | G45: 0.0014 | H45: -4.4228 | I45: -0.129 | J45: 0.0947 | K45: -59.17 | L45: -147.54 | M45: -38.03 | N45: -21.14 | O45: -109.51 | P45: 2 | Q45: 1.228 | R45: 1.454 | S45: 1.48 | T45: -2.632 | U45: -38.03 | V45: -21.14 | W45: -109.51 | X45: -210.15 | Y45: -88.37 | Z45: 13.75 | AA45: 77.02 | AB45: 26.73 | AC45: 23.12932 | AD45: 23.12932 | AE45: 0.1148 | AF45: 1.0385 | AG45: 0.03368 | AH45: 0.0447
A46: M6SMD | B46: 1,3-Dibromobenzene | C46: 1,3-DiBr | D46: BrBz_13 | E46: bromobenzene | F46: 0.0329 | G46: 0.0031 | H46: -3.4143 | I46: -0.101 | J46: -0.9763 | K46: -60.07 | L46: -149.49 | M46: -57.88 | N46: -2.19 | O46: -91.61 | P46: 2 | Q46: 1.243 | S46: 1.503 | X46: -210.21 | Y46: -89.42 | AA46: 76.25 | AB46: 26.53 | AC46: 22.51932 | AD46: 22.51932 | AE46: 0.1492 | AF46: 1.0397 | AH46: 0.0053
A47: M6SMD | B47: 1,2,4-Tribromobenzene | C47: 1,2,4-TriBr | D47: BrBz_124 | E47: bromobenzene | F47: 0.55 | G47: 0.082 | H47: -0.5978 | I47: -0.355 | J47: -0.8757 | K47: -61.34 | L47: -159.44 | M47: -60.65 | N47: -0.69 | O47: -98.79 | P47: 3 | Q47: 1.456 | S47: 1.641 | X47: -212.51 | Y47: -98.1 | AA47: 74.67 | AB47: 25.79 | AC47: 21.28974 | AD47: 21.28974 | AE47: 0.1495 | AF47: 1.0447 | AH47: 0.7661
A48: M6SMD | B48: 1,3,5-Tribromobenzene | C48: 1,3,5-TriBr | D48: BrBz_135 | E48: bromobenzene | F48: 0.9 | G48: 0.15 | H48: -0.1054 | I48: -0.424 | J48: -0.7437 | K48: -60.43 | L48: -154.81 | M48: -59.76 | N48: -0.67 | O48: -95.04 | P48: 3 | Q48: 1.477 | S48: 1.678 | X48: -211.53 | Y48: -94.37 | AA48: 75.39 | AB48: 25.98 | AC48: 21.55909 | AD48: 21.55909 | AE48: 0.122 | AF48: 1.047 | AH48: 1.0271
A49: M6SMD | B49: 1,2,4,5-Tetrabromobenzene | C49: 1,2,4,5-TetrBr | D49: BrBz_1245 | E49: bromobenzene | F49: 2.5 | G49: 0.28 | H49: 0.9163 | I49: -0.646 | J49: -0.975 | K49: -62.05 | L49: -163.23 | M49: -63.06 | N49: 1.02 | O49: -100.17 | P49: 4 | Q49: 1.69 | S49: 1.811 | X49: -214.59 | Y49: -101.19 | AA49: 74.73 | AB49: 25.53 | AC49: 20.19864 | AD49: 20.19864 | AE49: 0.1409 | AF49: 1.0553 | AH49: 0.0088
A50: M6SMD | B50: Hexabromobenzene | C50: HexaBr | D50: BrBz_123456 | E50: bromobenzene | F50: 10 | G50: 1.3 | H50: 2.3026 | I50: -1.572 | J50: -1.6485 | K50: -66.96 | L50: -176.96 | M50: -70.99 | N50: 4.03 | O50: -105.97 | P50: 6 | Q50: 2.265 | R50: 2.941 | S50: 2.284 | T50: -1.203 | U50: -70.99 | V50: 4.03 | W50: -105.97 | X50: -218.95 | Y50: -110 | Z50: 56.46 | AA50: 69.8 | AB50: 23.84 | AC50: 16.13841 | AD50: 16.13841 | AE50: 0.1666 | AF50: 1.0656 | AG50: 0.01853 | AH50: 0.0138
A51: M6SMD | B51: BDE-47 | C51: BDE-47 | D51: BDE_24_24 | E51: pbde | F51: 0.078 | G51: 0.018 | H51: -2.551 | I51: -0.454 | J51: -0.8188 | K51: -60.93 | L51: -162.15 | M51: -58.98 | N51: -1.95 | O51: -103.17 | P51: 4 | Q51: 1.353 | S51: 1.537 | X51: -212.25 | Y51: -101.22 | AA51: 75.47 | AB51: 24.82 | AC51: 20.29653 | AD51: 20.29653 | AE51: 0.1289 | AF51: 1.0374 | AH51: 1.1574
A52: M6SMD | B52: BDE-99 | C52: BDE-99 | D52: BDE_245_24 | E52: pbde | F52: 0.45 | G52: 0.068 | H52: -0.7985 | I52: -0.613 | J52: -1.0289 | K52: -60.71 | L52: -168.45 | M52: -58.32 | N52: -2.39 | O52: -110.13 | P52: 5 | Q52: 1.48 | R52: 2.452 | S52: 1.636 | T52: -1.752 | U52: -58.32 | V52: -2.39 | W52: -110.13 | X52: -212.98 | Y52: -108.56 | Z52: 79.55 | AA52: 74.88 | AB52: 24.54 | AC52: 20.17854 | AD52: 20.17854 | AE52: 0.1132 | AF52: 1.0422 | AG52: 0.31706 | AH52: 0.7541
A53: M6SMD | B53: Hexachlorobenzene | C53: HexaCl | D53: ClBz_123456 | E53: chlorobenzene | F53: 4.7393042 | H53: 1.5559 | I53: -0.78 | J53: -1.0397 | K53: -65.64 | L53: -180.17 | M53: -63.14 | N53: -2.5 | O53: -117.03 | P53: 6 | Q53: 1.901 | R53: 2.538 | S53: 1.982 | T53: -1.543 | U53: -63.14 | V53: -2.5 | W53: -117.03 | X53: -220 | Y53: -114.54 | Z53: 32.79 | AA53: 91.35 | AB53: 29.54 | AC53: 22.32841 | AD53: 22.32841 | AE53: 0.2347 | AF53: 1.0858 | AG53: 0.07075 | AH53: 0.0492
A54: M6SMD | B54: Pentachlorobenzene | C54: PentaCl | D54: ClBz_12345 | E54: chlorobenzene | F54: 0.19793594 | H54: -1.6198 | I54: -0.622 | J54: -1.5758 | K54: -65.01 | L54: -177.44 | M54: -65.34 | N54: 0.33 | O54: -112.1 | P54: 5 | Q54: 1.782 | R54: 2.698 | S54: 1.881 | T54: -1.448 | U54: -65.34 | V54: 0.33 | W54: -112.1 | X54: -218.52 | Y54: -112.43 | Z54: 81.84 | AA54: 91.57 | AB54: 29.79 | AC54: 23.30434 | AD54: 23.30434 | AE54: 0.2327 | AF54: 1.0752 | AG54: 0.3096 | AH54: 0.7349
A55: M6SMD | B55: 1,2,4,5-Tetrachlorobenzene | C55: 1,2,4,5-TetraCl | D55: ClBz_1245 | E55: chlorobenzene | F55: 0.29523017 | H55: -1.22 | I55: -0.47 | J55: -0.0639 | K55: -63.8 | L55: -166.28 | M55: -48.54 | N55: -15.26 | O55: -117.74 | P55: 4 | Q55: 1.664 | R55: 1.905 | S55: 1.783 | T55: -2.176 | U55: -48.54 | V55: -15.26 | W55: -117.74 | X55: -217.06 | Y55: -102.48 | Z55: 15.49 | AA55: 93.41 | AB55: 30.47 | AC55: 24.30864 | AD55: 24.30864 | AE55: 0.1362 | AF55: 1.07 | AG55: 0.02793 | AH55: 0.0312
A56: M6SMD | B56: 1,2-Dichlorobenzene | C56: 1,2-DiCl | D56: ClBz_12 | E56: chlorobenzene | F56: 0.042852127 | H56: -3.15 | I56: 0.019 | J56: 0.1793 | K56: -62.83 | L56: -158.44 | M56: -37.86 | N56: -24.97 | O56: -120.58 | P56: 2 | Q56: 1.21 | R56: 1.409 | S56: 1.474 | T56: -2.639 | U56: -37.86 | V56: -24.97 | W56: -120.58 | X56: -214.38 | Y56: -95.61 | Z56: 10.23 | AA56: 93.98 | AB56: 31.15 | AC56: 25.83932 | AD56: 25.83932 | AE56: 0.1304 | AF56: 1.0577 | AG56: 0.01308 | AH56: 0.0196
A57: M6SMD | B57: 1,4-Dichlorobenzene | C57: 1,4-DiCl | D57: ClBz_14 | E57: chlorobenzene | F57: 0.000905247 | H57: -7.0073 | I57: -0.014 | J57: 0.1467 | K57: -61.79 | L57: -150.05 | M57: -40.22 | N57: -21.57 | O57: -109.84 | P57: 2 | Q57: 1.249 | R57: 1.449 | S57: 1.486 | T57: -2.537 | U57: -40.22 | V57: -21.57 | W57: -109.84 | X57: -212.81 | Y57: -88.27 | Z57: 9.4 | AA57: 94.9 | AB57: 31.38 | AC57: 26.53932 | AD57: 26.53932 | AE57: 0.1123 | AF57: 1.0475 | AG57: 0.00616 | AH57: 0.0252

Sheet B3gas 01 dG rad_red
A1: min_dG_rad_red_kcal | B1: published bromobenzene data | C1: label | D1: y error | G1: min_dG_rad_red_kcal | H1: new chlorobenzene data | I1: label | K1: min_dG_rad_red_kcal | L1: published PBDE data | M1: label | N1: y error | P1: fit x | Q1: fit: published bromobenzene data
A2: -23.94 | B2: -6.2146 | C2: MonoBr | D2: 0.105 | G2: -71.45 | H2: 1.5559 | I2: HexaCl | K2: -59.15 | L2: -2.551 | M2: BDE-47 | N2: 0.2308 | P2: =MIN($A$2:$A$8) | Q2: =$Q$6+$Q$5*P2
A3: -33.64 | B3: -4.4228 | C3: 1,4-DiBr | D3: 0.1167 | G3: -68.1 | H3: -1.6198 | I3: PentaCl | K3: -69.6 | L3: -0.7985 | M3: BDE-99 | N3: 0.1511 | P3: =MAX($A$2:$A$8) | Q3: =$Q$6+$Q$5*P3
A4: -36.39 | B4: -3.4143 | C4: 1,3-DiBr | D4: 0.0942 | G4: -54.95 | H4: -1.22 | I4: 1,2,4,5-TetraCl
A5: -52.41 | B5: -0.5978 | C5: 1,2,4-TriBr | D5: 0.1491 | G5: -40.69 | H5: -3.15 | I5: 1,2-DiCl | P5: slope | Q5: =SLOPE($B$2:$B$8,$A$2:$A$8)
A6: -47.86 | B6: -0.1054 | C6: 1,3,5-TriBr | D6: 0.1667 | G6: -32.62 | H6: -7.0073 | I6: 1,4-DiCl | P6: intercept | Q6: =INTERCEPT($B$2:$B$8,$A$2:$A$8)
A7: -57.37 | B7: 0.9163 | C7: 1,2,4,5-TetrBr | D7: 0.112 | P7: R2 | Q7: =RSQ($B$2:$B$8,$A$2:$A$8)
A8: -72.5 | B8: 2.3026 | C8: HexaBr | D8: 0.13
S17: Natural logarithm of the observed pseudo-first-order rate constants (k_obs, h⁻¹) for electrochemical dehalogenation at −2.0 V vs SHE (uncompensated potential, without iR-drop compensation) [add electrode, cell, electrolyte and pH], plotted against descriptors computed at B3LYP/6-311++G(d), gas phase. Filled gray circles are published bromobenzene data, open circles are new chlorobenzene data and gray squares are published PBDE data. Error bars are ±1 standard error of k_obs propagated to ln k_obs (no standard errors are available for the chlorobenzenes). The dotted line is the least-squares fit to the bromobenzenes (R² = 0.95, n = 7). The other compounds are predicted by that fit. Compounds are labelled by shorthand. Fit line, slope, intercept and R² are Excel formulas (SLOPE, INTERCEPT, RSQ) over the bromobenzene cells beside the chart.

Sheet B3gas 02 dG RA_2e_any
A1: min_dG_RA_2e_any_kcal | B1: published bromobenzene data | C1: label | D1: y error | G1: min_dG_RA_2e_any_kcal | H1: new chlorobenzene data | I1: label | K1: min_dG_RA_2e_any_kcal | L1: published PBDE data | M1: label | N1: y error | P1: fit x | Q1: fit: published bromobenzene data
A2: -24.39 | B2: -6.2146 | C2: MonoBr | D2: 0.105 | G2: -49.07 | H2: 1.5559 | I2: HexaCl | K2: -46.38 | L2: -2.551 | M2: BDE-47 | N2: 0.2308 | P2: =MIN($A$2:$A$8) | Q2: =$Q$6+$Q$5*P2
A3: -28.48 | B3: -4.4228 | C3: 1,4-DiBr | D3: 0.1167 | G3: -50.37 | H3: -1.6198 | I3: PentaCl | K3: -61.35 | L3: -0.7985 | M3: BDE-99 | N3: 0.1511 | P3: =MAX($A$2:$A$8) | Q3: =$Q$6+$Q$5*P3
A4: -30.98 | B4: -3.4143 | C4: 1,3-DiBr | D4: 0.0942 | G4: -41.14 | H4: -1.22 | I4: 1,2,4,5-TetraCl
A5: -42.44 | B5: -0.5978 | C5: 1,2,4-TriBr | D5: 0.1491 | G5: -36.01 | H5: -3.15 | I5: 1,2-DiCl | P5: slope | Q5: =SLOPE($B$2:$B$8,$A$2:$A$8)
A6: -36 | B6: -0.1054 | C6: 1,3,5-TriBr | D6: 0.1667 | G6: -41.79 | H6: -7.0073 | I6: 1,4-DiCl | P6: intercept | Q6: =INTERCEPT($B$2:$B$8,$A$2:$A$8)
A7: -43.71 | B7: 0.9163 | C7: 1,2,4,5-TetrBr | D7: 0.112 | P7: R2 | Q7: =RSQ($B$2:$B$8,$A$2:$A$8)
A8: -50.39 | B8: 2.3026 | C8: HexaBr | D8: 0.13
S17: Natural logarithm of the observed pseudo-first-order rate constants (k_obs, h⁻¹) for electrochemical dehalogenation at −2.0 V vs SHE [add electrode, cell, electrolyte and pH], plotted against descriptors computed at B3LYP/6-311++G(d), gas phase. Filled gray circles are published bromobenzene data, open circles are new chlorobenzene data and gray squares are published PBDE data. Error bars are ±1 standard error of k_obs propagated to ln k_obs (no standard errors are available for the chlorobenzenes). The dotted line is the least-squares fit to the bromobenzenes (R² = 0.92, n = 7). The other compounds are predicted by that fit. Compounds are labelled by shorthand. Fit line, slope, intercept and R² are Excel formulas (SLOPE, INTERCEPT, RSQ) over the bromobenzene cells beside the chart.

Sheet B3gas 03 dG frag_any
A1: min_dG_frag_any_kcal | B1: published bromobenzene data | C1: label | D1: y error | G1: min_dG_frag_any_kcal | H1: new chlorobenzene data | I1: label | K1: min_dG_frag_any_kcal | L1: published PBDE data | M1: label | N1: y error | P1: fit x | Q1: fit: published bromobenzene data
A2: -0.45 | B2: -6.2146 | C2: MonoBr | D2: 0.105 | G2: 22.38 | H2: 1.5559 | I2: HexaCl | K2: 12.77 | L2: -2.551 | M2: BDE-47 | N2: 0.2308 | P2: =MIN($A$2:$A$8) | Q2: =$Q$6+$Q$5*P2
A3: 5.16 | B3: -4.4228 | C3: 1,4-DiBr | D3: 0.1167 | G3: 17.74 | H3: -1.6198 | I3: PentaCl | K3: 7.54 | L3: -0.7985 | M3: BDE-99 | N3: 0.1511 | P3: =MAX($A$2:$A$8) | Q3: =$Q$6+$Q$5*P3
A4: 5.41 | B4: -3.4143 | C4: 1,3-DiBr | D4: 0.0942 | G4: 13.81 | H4: -1.22 | I4: 1,2,4,5-TetraCl
A5: 9.97 | B5: -0.5978 | C5: 1,2,4-TriBr | D5: 0.1491 | G5: 4.67 | H5: -3.15 | I5: 1,2-DiCl | P5: slope | Q5: =SLOPE($B$2:$B$8,$A$2:$A$8)
A6: 11.86 | B6: -0.1054 | C6: 1,3,5-TriBr | D6: 0.1667 | G6: -9.16 | H6: -7.0073 | I6: 1,4-DiCl | P6: intercept | Q6: =INTERCEPT($B$2:$B$8,$A$2:$A$8)
A7: 13.66 | B7: 0.9163 | C7: 1,2,4,5-TetrBr | D7: 0.112 | P7: R2 | Q7: =RSQ($B$2:$B$8,$A$2:$A$8)
A8: 22.11 | B8: 2.3026 | C8: HexaBr | D8: 0.13
S17: Natural logarithm of the observed pseudo-first-order rate constants (k_obs, h⁻¹) for electrochemical dehalogenation at −2.0 V vs SHE [add electrode, cell, electrolyte and pH], plotted against descriptors computed at B3LYP/6-311++G(d), gas phase. Filled gray circles are published bromobenzene data, open circles are new chlorobenzene data and gray squares are published PBDE data. Error bars are ±1 standard error of k_obs propagated to ln k_obs (no standard errors are available for the chlorobenzenes). The dotted line is the least-squares fit to the bromobenzenes (R² = 0.92, n = 7). The other compounds are predicted by that fit. Compounds are labelled by shorthand. Fit line, slope, intercept and R² are Excel formulas (SLOPE, INTERCEPT, RSQ) over the bromobenzene cells beside the chart.

Sheet B3gas 04 LUMO_RA
A1: LUMO_RA_eV | B1: published bromobenzene data | C1: label | D1: y error | G1: LUMO_RA_eV | H1: new chlorobenzene data | I1: label | K1: LUMO_RA_eV | L1: published PBDE data | M1: label | N1: y error | P1: fit x | Q1: fit: published bromobenzene data
A2: 2.0743 | B2: -6.2146 | C2: MonoBr | D2: 0.105 | G2: 0.9818 | H2: 1.5559 | I2: HexaCl | K2: 1.0397 | L2: -2.551 | M2: BDE-47 | N2: 0.2308 | P2: =MIN($A$2:$A$8) | Q2: =$Q$6+$Q$5*P2
A3: 1.96 | B3: -4.4228 | C3: 1,4-DiBr | D3: 0.1167 | G3: 0.9665 | H3: -1.6198 | I3: PentaCl | K3: 0.7611 | L3: -0.7985 | M3: BDE-99 | N3: 0.1511 | P3: =MAX($A$2:$A$8) | Q3: =$Q$6+$Q$5*P3
A4: 1.6376 | B4: -3.4143 | C4: 1,3-DiBr | D4: 0.0942 | G4: 1.4713 | H4: -1.22 | I4: 1,2,4,5-TetraCl
A5: 1.2517 | B5: -0.5978 | C5: 1,2,4-TriBr | D5: 0.1491 | G5: 1.8912 | H5: -3.15 | I5: 1,2-DiCl | P5: slope | Q5: =SLOPE($B$2:$B$8,$A$2:$A$8)
A6: 1.1129 | B6: -0.1054 | C6: 1,3,5-TriBr | D6: 0.1667 | G6: 2.7538 | H6: -7.0073 | I6: 1,4-DiCl | P6: intercept | Q6: =INTERCEPT($B$2:$B$8,$A$2:$A$8)
A7: 0.9924 | B7: 0.9163 | C7: 1,2,4,5-TetrBr | D7: 0.112 | P7: R2 | Q7: =RSQ($B$2:$B$8,$A$2:$A$8)
A8: 0.2231 | B8: 2.3026 | C8: HexaBr | D8: 0.13
S17: Natural logarithm of the observed pseudo-first-order rate constants (k_obs, h⁻¹) for electrochemical dehalogenation at −2.0 V vs SHE [add electrode, cell, electrolyte and pH], plotted against descriptors computed at B3LYP/6-311++G(d), gas phase. Filled gray circles are published bromobenzene data, open circles are new chlorobenzene data and gray squares are published PBDE data. Error bars are ±1 standard error of k_obs propagated to ln k_obs (no standard errors are available for the chlorobenzenes). The dotted line is the least-squares fit to the bromobenzenes (R² = 0.92, n = 7). The other compounds are predicted by that fit. Compounds are labelled by shorthand. Fit line, slope, intercept and R² are Excel formulas (SLOPE, INTERCEPT, RSQ) over the bromobenzene cells beside the chart.

Sheet B3gas 05 dG 2e_carbanion
A1: min_dG_2e_carbanion_kcal | B1: published bromobenzene data | C1: label | D1: y error | G1: min_dG_2e_carbanion_kcal | H1: new chlorobenzene data | I1: label | K1: min_dG_2e_carbanion_kcal | L1: published PBDE data | M1: label | N1: y error | P1: fit x | Q1: fit: published bromobenzene data
A2: -37.3 | B2: -6.2146 | C2: MonoBr | D2: 0.105 | G2: -83.08 | H2: 1.5559 | I2: HexaCl | K2: -74.87 | L2: -2.551 | M2: BDE-47 | N2: 0.2308 | P2: =MIN($A$2:$A$8) | Q2: =$Q$6+$Q$5*P2
A3: -47.41 | B3: -4.4228 | C3: 1,4-DiBr | D3: 0.1167 | G3: -78.49 | H3: -1.6198 | I3: PentaCl | K3: -85.28 | L3: -0.7985 | M3: BDE-99 | N3: 0.1511 | P3: =MAX($A$2:$A$8) | Q3: =$Q$6+$Q$5*P3
A4: -50.97 | B4: -3.4143 | C4: 1,3-DiBr | D4: 0.0942 | G4: -62.59 | H4: -1.22 | I4: 1,2,4,5-TetraCl
A5: -69.17 | B5: -0.5978 | C5: 1,2,4-TriBr | D5: 0.1491 | G5: -47.71 | H5: -3.15 | I5: 1,2-DiCl | P5: slope | Q5: =SLOPE($B$2:$B$8,$A$2:$A$8)
A6: -63.39 | B6: -0.1054 | C6: 1,3,5-TriBr | D6: 0.1667 | G6: -37.66 | H6: -7.0073 | I6: 1,4-DiCl | P6: intercept | Q6: =INTERCEPT($B$2:$B$8,$A$2:$A$8)
A7: -74.6 | B7: 0.9163 | C7: 1,2,4,5-TetrBr | D7: 0.112 | P7: R2 | Q7: =RSQ($B$2:$B$8,$A$2:$A$8)
A8: -97.23 | B8: 2.3026 | C8: HexaBr | D8: 0.13
S17: Natural logarithm of the observed pseudo-first-order rate constants (k_obs, h⁻¹) for electrochemical dehalogenation at −2.0 V vs SHE [add electrode, cell, electrolyte and pH], plotted against descriptors computed at B3LYP/6-311++G(d), gas phase. Filled gray circles are published bromobenzene data, open circles are new chlorobenzene data and gray squares are published PBDE data. Error bars are ±1 standard error of k_obs propagated to ln k_obs (no standard errors are available for the chlorobenzenes). The dotted line is the least-squares fit to the bromobenzenes (R² = 0.91, n = 7). The other compounds are predicted by that fit. Compounds are labelled by shorthand. Fit line, slope, intercept and R² are Excel formulas (SLOPE, INTERCEPT, RSQ) over the bromobenzene cells beside the chart.

Sheet B3gas 06 n_X
A1: n_X | B1: published bromobenzene data | C1: label | D1: y error | G1: n_X | H1: new chlorobenzene data | I1: label | K1: n_X | L1: published PBDE data | M1: label | N1: y error | P1: fit x | Q1: fit: published bromobenzene data
A2: 1 | B2: -6.2146 | C2: MonoBr | D2: 0.105 | G2: 6 | H2: 1.5559 | I2: HexaCl | K2: 4 | L2: -2.551 | M2: BDE-47 | N2: 0.2308 | P2: =MIN($A$2:$A$8) | Q2: =$Q$6+$Q$5*P2
A3: 2 | B3: -4.4228 | C3: 1,4-DiBr | D3: 0.1167 | G3: 5 | H3: -1.6198 | I3: PentaCl | K3: 5 | L3: -0.7985 | M3: BDE-99 | N3: 0.1511 | P3: =MAX($A$2:$A$8) | Q3: =$Q$6+$Q$5*P3
A4: 2 | B4: -3.4143 | C4: 1,3-DiBr | D4: 0.0942 | G4: 4 | H4: -1.22 | I4: 1,2,4,5-TetraCl
A5: 3 | B5: -0.5978 | C5: 1,2,4-TriBr | D5: 0.1491 | G5: 2 | H5: -3.15 | I5: 1,2-DiCl | P5: slope | Q5: =SLOPE($B$2:$B$8,$A$2:$A$8)
A6: 3 | B6: -0.1054 | C6: 1,3,5-TriBr | D6: 0.1667 | G6: 2 | H6: -7.0073 | I6: 1,4-DiCl | P6: intercept | Q6: =INTERCEPT($B$2:$B$8,$A$2:$A$8)
A7: 4 | B7: 0.9163 | C7: 1,2,4,5-TetrBr | D7: 0.112 | P7: R2 | Q7: =RSQ($B$2:$B$8,$A$2:$A$8)
A8: 6 | B8: 2.3026 | C8: HexaBr | D8: 0.13
S17: Natural logarithm of the observed pseudo-first-order rate constants (k_obs, h⁻¹) for electrochemical dehalogenation at −2.0 V vs SHE [add electrode, cell, electrolyte and pH], plotted against descriptors computed at B3LYP/6-311++G(d), gas phase. Filled gray circles are published bromobenzene data, open circles are new chlorobenzene data and gray squares are published PBDE data. Error bars are ±1 standard error of k_obs propagated to ln k_obs (no standard errors are available for the chlorobenzenes). The dotted line is the least-squares fit to the bromobenzenes (R² = 0.86, n = 7). The other compounds are predicted by that fit. Compounds are labelled by shorthand. Fit line, slope, intercept and R² are Excel formulas (SLOPE, INTERCEPT, RSQ) over the bromobenzene cells beside the chart.

Sheet B3gas 07 dG ET_any
A1: dG_ET_any_kcal | B1: published bromobenzene data | C1: label | D1: y error | G1: dG_ET_any_kcal | H1: new chlorobenzene data | I1: label | K1: dG_ET_any_kcal | L1: published PBDE data | M1: label | N1: y error | P1: fit x | Q1: fit: published bromobenzene data
A2: -12.91 | B2: -6.2146 | C2: MonoBr | D2: 0.105 | G2: -34.01 | H2: 1.5559 | I2: HexaCl | K2: -28.49 | L2: -2.551 | M2: BDE-47 | N2: 0.2308 | P2: =MIN($A$2:$A$8) | Q2: =$Q$6+$Q$5*P2
A3: -18.93 | B3: -4.4228 | C3: 1,4-DiBr | D3: 0.1167 | G3: -28.12 | H3: -1.6198 | I3: PentaCl | K3: -23.93 | L3: -0.7985 | M3: BDE-99 | N3: 0.1511 | P3: =MAX($A$2:$A$8) | Q3: =$Q$6+$Q$5*P3
A4: -19.99 | B4: -3.4143 | C4: 1,3-DiBr | D4: 0.0942 | G4: -21.44 | H4: -1.22 | I4: 1,2,4,5-TetraCl
A5: -26.74 | B5: -0.5978 | C5: 1,2,4-TriBr | D5: 0.1491 | G5: -11.69 | H5: -3.15 | I5: 1,2-DiCl | P5: slope | Q5: =SLOPE($B$2:$B$8,$A$2:$A$8)
A6: -27.39 | B6: -0.1054 | C6: 1,3,5-TriBr | D6: 0.1667 | G6: 4.13 | H6: -7.0073 | I6: 1,4-DiCl | P6: intercept | Q6: =INTERCEPT($B$2:$B$8,$A$2:$A$8)
A7: -30.89 | B7: 0.9163 | C7: 1,2,4,5-TetrBr | D7: 0.112 | P7: R2 | Q7: =RSQ($B$2:$B$8,$A$2:$A$8)
A8: -46.83 | B8: 2.3026 | C8: HexaBr | D8: 0.13
S17: Natural logarithm of the observed pseudo-first-order rate constants (k_obs, h⁻¹) for electrochemical dehalogenation at −2.0 V vs SHE [add electrode, cell, electrolyte and pH], plotted against descriptors computed at B3LYP/6-311++G(d), gas phase. Filled gray circles are published bromobenzene data, open circles are new chlorobenzene data and gray squares are published PBDE data. Error bars are ±1 standard error of k_obs propagated to ln k_obs (no standard errors are available for the chlorobenzenes). The dotted line is the least-squares fit to the bromobenzenes (R² = 0.86, n = 7). The other compounds are predicted by that fit. Compounds are labelled by shorthand. Fit line, slope, intercept and R² are Excel formulas (SLOPE, INTERCEPT, RSQ) over the bromobenzene cells beside the chart.

Sheet B3gas 08 wiberg_CX_parent
A1: min_wiberg_CX_parent | B1: published bromobenzene data | C1: label | D1: y error | G1: min_wiberg_CX_parent | H1: new chlorobenzene data | I1: label | K1: min_wiberg_CX_parent | L1: published PBDE data | M1: label | N1: y error | P1: fit x | Q1: fit: published bromobenzene data
A2: 1.0359 | B2: -6.2146 | C2: MonoBr | D2: 0.105 | G2: 1.0891 | H2: 1.5559 | I2: HexaCl | K2: 1.0412 | L2: -2.551 | M2: BDE-47 | N2: 0.2308 | P2: =MIN($A$2:$A$8) | Q2: =$Q$6+$Q$5*P2
A3: 1.0408 | B3: -4.4228 | C3: 1,4-DiBr | D3: 0.1167 | G3: 1.0783 | H3: -1.6198 | I3: PentaCl | K3: 1.0454 | L3: -0.7985 | M3: BDE-99 | N3: 0.1511 | P3: =MAX($A$2:$A$8) | Q3: =$Q$6+$Q$5*P3
A4: 1.0417 | B4: -3.4143 | C4: 1,3-DiBr | D4: 0.0942 | G4: 1.0754 | H4: -1.22 | I4: 1,2,4,5-TetraCl
A5: 1.0452 | B5: -0.5978 | C5: 1,2,4-TriBr | D5: 0.1491 | G5: 1.0669 | H5: -3.15 | I5: 1,2-DiCl | P5: slope | Q5: =SLOPE($B$2:$B$8,$A$2:$A$8)
A6: 1.0465 | B6: -0.1054 | C6: 1,3,5-TriBr | D6: 0.1667 | G6: 1.0559 | H6: -7.0073 | I6: 1,4-DiCl | P6: intercept | Q6: =INTERCEPT($B$2:$B$8,$A$2:$A$8)
A7: 1.0544 | B7: 0.9163 | C7: 1,2,4,5-TetrBr | D7: 0.112 | P7: R2 | Q7: =RSQ($B$2:$B$8,$A$2:$A$8)
A8: 1.0634 | B8: 2.3026 | C8: HexaBr | D8: 0.13
S17: Natural logarithm of the observed pseudo-first-order rate constants (k_obs, h⁻¹) for electrochemical dehalogenation at −2.0 V vs SHE [add electrode, cell, electrolyte and pH], plotted against descriptors computed at B3LYP/6-311++G(d), gas phase. Filled gray circles are published bromobenzene data, open circles are new chlorobenzene data and gray squares are published PBDE data. Error bars are ±1 standard error of k_obs propagated to ln k_obs (no standard errors are available for the chlorobenzenes). The dotted line is the least-squares fit to the bromobenzenes (R² = 0.85, n = 7). The other compounds are predicted by that fit. Compounds are labelled by shorthand. Fit line, slope, intercept and R² are Excel formulas (SLOPE, INTERCEPT, RSQ) over the bromobenzene cells beside the chart.

Sheet B3gas 09 LUMO
A1: LUMO_eV | B1: published bromobenzene data | C1: label | D1: y error | G1: LUMO_eV | H1: new chlorobenzene data | I1: label | K1: LUMO_eV | L1: published PBDE data | M1: label | N1: y error | P1: fit x | Q1: fit: published bromobenzene data
A2: -0.84 | B2: -6.2146 | C2: MonoBr | D2: 0.105 | G2: -1.995 | H2: 1.5559 | I2: HexaCl | K2: -1.575 | L2: -2.551 | M2: BDE-47 | N2: 0.2308 | P2: =MIN($A$2:$A$8) | Q2: =$Q$6+$Q$5*P2
A3: -1.201 | B3: -4.4228 | C3: 1,4-DiBr | D3: 0.1167 | G3: -1.785 | H3: -1.6198 | I3: PentaCl | K3: -1.69 | L3: -0.7985 | M3: BDE-99 | N3: 0.1511 | P3: =MAX($A$2:$A$8) | Q3: =$Q$6+$Q$5*P3
A4: -1.19 | B4: -3.4143 | C4: 1,3-DiBr | D4: 0.0942 | G4: -1.67 | H4: -1.22 | I4: 1,2,4,5-TetraCl
A5: -1.525 | B5: -0.5978 | C5: 1,2,4-TriBr | D5: 0.1491 | G5: -1.1 | H5: -3.15 | I5: 1,2-DiCl | P5: slope | Q5: =SLOPE($B$2:$B$8,$A$2:$A$8)
A6: -1.638 | B6: -0.1054 | C6: 1,3,5-TriBr | D6: 0.1667 | G6: -1.184 | H6: -7.0073 | I6: 1,4-DiCl | P6: intercept | Q6: =INTERCEPT($B$2:$B$8,$A$2:$A$8)
A7: -1.863 | B7: 0.9163 | C7: 1,2,4,5-TetrBr | D7: 0.112 | P7: R2 | Q7: =RSQ($B$2:$B$8,$A$2:$A$8)
A8: -2.723 | B8: 2.3026 | C8: HexaBr | D8: 0.13
S17: Natural logarithm of the observed pseudo-first-order rate constants (k_obs, h⁻¹) for electrochemical dehalogenation at −2.0 V vs SHE [add electrode, cell, electrolyte and pH], plotted against descriptors computed at B3LYP/6-311++G(d), gas phase. Filled gray circles are published bromobenzene data, open circles are new chlorobenzene data and gray squares are published PBDE data. Error bars are ±1 standard error of k_obs propagated to ln k_obs (no standard errors are available for the chlorobenzenes). The dotted line is the least-squares fit to the bromobenzenes (R² = 0.84, n = 7). The other compounds are predicted by that fit. Compounds are labelled by shorthand. Fit line, slope, intercept and R² are Excel formulas (SLOPE, INTERCEPT, RSQ) over the bromobenzene cells beside the chart.

Sheet B3gas 10 VEA
A1: VEA_eV | B1: published bromobenzene data | C1: label | D1: y error | G1: VEA_eV | H1: new chlorobenzene data | I1: label | K1: VEA_eV | L1: published PBDE data | M1: label | N1: y error | P1: fit x | Q1: fit: published bromobenzene data
A2: -0.449 | B2: -6.2146 | C2: MonoBr | D2: 0.105 | G2: 0.256 | H2: 1.5559 | I2: HexaCl | K2: 0.235 | L2: -2.551 | M2: BDE-47 | N2: 0.2308 | P2: =MIN($A$2:$A$8) | Q2: =$Q$6+$Q$5*P2
A3: -0.671 | B3: -4.4228 | C3: 1,4-DiBr | D3: 0.1167 | G3: 0.106 | H3: -1.6198 | I3: PentaCl | K3: 0.41 | L3: -0.7985 | M3: BDE-99 | N3: 0.1511 | P3: =MAX($A$2:$A$8) | Q3: =$Q$6+$Q$5*P3
A4: -0.222 | B4: -3.4143 | C4: 1,3-DiBr | D4: 0.0942 | G4: -0.052 | H4: -1.22 | I4: 1,2,4,5-TetraCl
A5: 0.063 | B5: -0.5978 | C5: 1,2,4-TriBr | D5: 0.1491 | G5: -0.726 | H5: -3.15 | I5: 1,2-DiCl | P5: slope | Q5: =SLOPE($B$2:$B$8,$A$2:$A$8)
A6: 0.164 | B6: -0.1054 | C6: 1,3,5-TriBr | D6: 0.1667 | G6: -0.665 | H6: -7.0073 | I6: 1,4-DiCl | P6: intercept | Q6: =INTERCEPT($B$2:$B$8,$A$2:$A$8)
A7: 0.417 | B7: 0.9163 | C7: 1,2,4,5-TetrBr | D7: 0.112 | P7: R2 | Q7: =RSQ($B$2:$B$8,$A$2:$A$8)
A8: 1.313 | B8: 2.3026 | C8: HexaBr | D8: 0.13
S17: Natural logarithm of the observed pseudo-first-order rate constants (k_obs, h⁻¹) for electrochemical dehalogenation at −2.0 V vs SHE [add electrode, cell, electrolyte and pH], plotted against descriptors computed at B3LYP/6-311++G(d), gas phase. Filled gray circles are published bromobenzene data, open circles are new chlorobenzene data and gray squares are published PBDE data. Error bars are ±1 standard error of k_obs propagated to ln k_obs (no standard errors are available for the chlorobenzenes). The dotted line is the least-squares fit to the bromobenzenes (R² = 0.80, n = 7). The other compounds are predicted by that fit. Compounds are labelled by shorthand. Fit line, slope, intercept and R² are Excel formulas (SLOPE, INTERCEPT, RSQ) over the bromobenzene cells beside the chart.

Sheet B3gas 11 dG 2e_HDH
A1: min_dG_2e_HDH_kcal | B1: published bromobenzene data | C1: label | D1: y error | G1: min_dG_2e_HDH_kcal | H1: new chlorobenzene data | I1: label | K1: min_dG_2e_HDH_kcal | L1: published PBDE data | M1: label | N1: y error | P1: fit x | Q1: fit: published bromobenzene data
A2: -427.77 | B2: -6.2146 | C2: MonoBr | D2: 0.105 | G2: -429.78 | H2: 1.5559 | I2: HexaCl | K2: -432.05 | L2: -2.551 | M2: BDE-47 | N2: 0.2308 | P2: =MIN($A$2:$A$8) | Q2: =$Q$6+$Q$5*P2
A3: -430.06 | B3: -4.4228 | C3: 1,4-DiBr | D3: 0.1167 | G3: -427.83 | H3: -1.6198 | I3: PentaCl | K3: -433.68 | L3: -0.7985 | M3: BDE-99 | N3: 0.1511 | P3: =MAX($A$2:$A$8) | Q3: =$Q$6+$Q$5*P3
A4: -429.7 | B4: -3.4143 | C4: 1,3-DiBr | D4: 0.0942 | G4: -425.53 | H4: -1.22 | I4: 1,2,4,5-TetraCl
A5: -432.76 | B5: -0.5978 | C5: 1,2,4-TriBr | D5: 0.1491 | G5: -423.64 | H5: -3.15 | I5: 1,2-DiCl | P5: slope | Q5: =SLOPE($B$2:$B$8,$A$2:$A$8)
A6: -431.09 | B6: -0.1054 | C6: 1,3,5-TriBr | D6: 0.1667 | G6: -421.48 | H6: -7.0073 | I6: 1,4-DiCl | P6: intercept | Q6: =INTERCEPT($B$2:$B$8,$A$2:$A$8)
A7: -434.37 | B7: 0.9163 | C7: 1,2,4,5-TetrBr | D7: 0.112 | P7: R2 | Q7: =RSQ($B$2:$B$8,$A$2:$A$8)
A8: -440.64 | B8: 2.3026 | C8: HexaBr | D8: 0.13
S17: Natural logarithm of the observed pseudo-first-order rate constants (k_obs, h⁻¹) for electrochemical dehalogenation at −2.0 V vs SHE [add electrode, cell, electrolyte and pH], plotted against descriptors computed at B3LYP/6-311++G(d), gas phase. Filled gray circles are published bromobenzene data, open circles are new chlorobenzene data and gray squares are published PBDE data. Error bars are ±1 standard error of k_obs propagated to ln k_obs (no standard errors are available for the chlorobenzenes). The dotted line is the least-squares fit to the bromobenzenes (R² = 0.76, n = 7). The other compounds are predicted by that fit. Compounds are labelled by shorthand. Fit line, slope, intercept and R² are Excel formulas (SLOPE, INTERCEPT, RSQ) over the bromobenzene cells beside the chart.

Sheet B3gas 12 omega_dSCF
A1: omega_dSCF_eV | B1: published bromobenzene data | C1: label | D1: y error | G1: omega_dSCF_eV | H1: new chlorobenzene data | I1: label | K1: omega_dSCF_eV | L1: published PBDE data | M1: label | N1: y error | P1: fit x | Q1: fit: published bromobenzene data
A2: 0.957 | B2: -6.2146 | C2: MonoBr | D2: 0.105 | G2: 1.244 | H2: 1.5559 | I2: HexaCl | K2: 1.099 | L2: -2.551 | M2: BDE-47 | N2: 0.2308 | P2: =MIN($A$2:$A$8) | Q2: =$Q$6+$Q$5*P2
A3: 0.863 | B3: -4.4228 | C3: 1,4-DiBr | D3: 0.1167 | G3: 1.174 | H3: -1.6198 | I3: PentaCl | K3: 1.192 | L3: -0.7985 | M3: BDE-99 | N3: 0.1511 | P3: =MAX($A$2:$A$8) | Q3: =$Q$6+$Q$5*P3
A4: 1.032 | B4: -3.4143 | C4: 1,3-DiBr | D4: 0.0942 | G4: 1.103 | H4: -1.22 | I4: 1,2,4,5-TetraCl
A5: 1.118 | B5: -0.5978 | C5: 1,2,4-TriBr | D5: 0.1491 | G5: 0.885 | H5: -3.15 | I5: 1,2-DiCl | P5: slope | Q5: =SLOPE($B$2:$B$8,$A$2:$A$8)
A6: 1.199 | B6: -0.1054 | C6: 1,3,5-TriBr | D6: 0.1667 | G6: 0.89 | H6: -7.0073 | I6: 1,4-DiCl | P6: intercept | Q6: =INTERCEPT($B$2:$B$8,$A$2:$A$8)
A7: 1.257 | B7: 0.9163 | C7: 1,2,4,5-TetrBr | D7: 0.112 | P7: R2 | Q7: =RSQ($B$2:$B$8,$A$2:$A$8)
A8: 1.709 | B8: 2.3026 | C8: HexaBr | D8: 0.13
S17: Natural logarithm of the observed pseudo-first-order rate constants (k_obs, h⁻¹) for electrochemical dehalogenation at −2.0 V vs SHE [add electrode, cell, electrolyte and pH], plotted against descriptors computed at B3LYP/6-311++G(d), gas phase. Filled gray circles are published bromobenzene data, open circles are new chlorobenzene data and gray squares are published PBDE data. Error bars are ±1 standard error of k_obs propagated to ln k_obs (no standard errors are available for the chlorobenzenes). The dotted line is the least-squares fit to the bromobenzenes (R² = 0.74, n = 7). The other compounds are predicted by that fit. Compounds are labelled by shorthand. Fit line, slope, intercept and R² are Excel formulas (SLOPE, INTERCEPT, RSQ) over the bromobenzene cells beside the chart.

Sheet B3gas 13 dG 1e
A1: min_dG_1e_kcal | B1: published bromobenzene data | C1: label | D1: y error | G1: min_dG_1e_kcal | H1: new chlorobenzene data | I1: label | K1: min_dG_1e_kcal | L1: published PBDE data | M1: label | N1: y error | P1: fit x | Q1: fit: published bromobenzene data
A2: -13.36 | B2: -6.2146 | C2: MonoBr | D2: 0.105 | G2: -11.63 | H2: 1.5559 | I2: HexaCl | K2: -15.72 | L2: -2.551 | M2: BDE-47 | N2: 0.2308 | P2: =MIN($A$2:$A$8) | Q2: =$Q$6+$Q$5*P2
A3: -13.77 | B3: -4.4228 | C3: 1,4-DiBr | D3: 0.1167 | G3: -10.39 | H3: -1.6198 | I3: PentaCl | K3: -16.39 | L3: -0.7985 | M3: BDE-99 | N3: 0.1511 | P3: =MAX($A$2:$A$8) | Q3: =$Q$6+$Q$5*P3
A4: -14.58 | B4: -3.4143 | C4: 1,3-DiBr | D4: 0.0942 | G4: -7.63 | H4: -1.22 | I4: 1,2,4,5-TetraCl
A5: -16.77 | B5: -0.5978 | C5: 1,2,4-TriBr | D5: 0.1491 | G5: -7.02 | H5: -3.15 | I5: 1,2-DiCl | P5: slope | Q5: =SLOPE($B$2:$B$8,$A$2:$A$8)
A6: -15.54 | B6: -0.1054 | C6: 1,3,5-TriBr | D6: 0.1667 | G6: -5.04 | H6: -7.0073 | I6: 1,4-DiCl | P6: intercept | Q6: =INTERCEPT($B$2:$B$8,$A$2:$A$8)
A7: -17.23 | B7: 0.9163 | C7: 1,2,4,5-TetrBr | D7: 0.112 | P7: R2 | Q7: =RSQ($B$2:$B$8,$A$2:$A$8)
A8: -24.73 | B8: 2.3026 | C8: HexaBr | D8: 0.13
S17: Natural logarithm of the observed pseudo-first-order rate constants (k_obs, h⁻¹) for electrochemical dehalogenation at −2.0 V vs SHE [add electrode, cell, electrolyte and pH], plotted against descriptors computed at B3LYP/6-311++G(d), gas phase. Filled gray circles are published bromobenzene data, open circles are new chlorobenzene data and gray squares are published PBDE data. Error bars are ±1 standard error of k_obs propagated to ln k_obs (no standard errors are available for the chlorobenzenes). The dotted line is the least-squares fit to the bromobenzenes (R² = 0.66, n = 7). The other compounds are predicted by that fit. Compounds are labelled by shorthand. Fit line, slope, intercept and R² are Excel formulas (SLOPE, INTERCEPT, RSQ) over the bromobenzene cells beside the chart.

Sheet B3gas 14 BDE
A1: min_BDE_kcal | B1: published bromobenzene data | C1: label | D1: y error | G1: min_BDE_kcal | H1: new chlorobenzene data | I1: label | K1: min_BDE_kcal | L1: published PBDE data | M1: label | N1: y error | P1: fit x | Q1: fit: published bromobenzene data
A2: 74.12 | B2: -6.2146 | C2: MonoBr | D2: 0.105 | G2: 83.09 | H2: 1.5559 | I2: HexaCl | K2: 71.61 | L2: -2.551 | M2: BDE-47 | N2: 0.2308 | P2: =MIN($A$2:$A$8) | Q2: =$Q$6+$Q$5*P2
A3: 74.12 | B3: -4.4228 | C3: 1,4-DiBr | D3: 0.1167 | G3: 83.27 | H3: -1.6198 | I3: PentaCl | K3: 71.31 | L3: -0.7985 | M3: BDE-99 | N3: 0.1511 | P3: =MAX($A$2:$A$8) | Q3: =$Q$6+$Q$5*P3
A4: 73.33 | B4: -3.4143 | C4: 1,3-DiBr | D4: 0.0942 | G4: 86.63 | H4: -1.22 | I4: 1,2,4,5-TetraCl
A5: 70.93 | B5: -0.5978 | C5: 1,2,4-TriBr | D5: 0.1491 | G5: 86.82 | H5: -3.15 | I5: 1,2-DiCl | P5: slope | Q5: =SLOPE($B$2:$B$8,$A$2:$A$8)
A6: 72.64 | B6: -0.1054 | C6: 1,3,5-TriBr | D6: 0.1667 | G6: 88.66 | H6: -7.0073 | I6: 1,4-DiCl | P6: intercept | Q6: =INTERCEPT($B$2:$B$8,$A$2:$A$8)
A7: 71.28 | B7: 0.9163 | C7: 1,2,4,5-TetrBr | D7: 0.112 | P7: R2 | Q7: =RSQ($B$2:$B$8,$A$2:$A$8)
A8: 64.31 | B8: 2.3026 | C8: HexaBr | D8: 0.13
S17: Natural logarithm of the observed pseudo-first-order rate constants (k_obs, h⁻¹) for electrochemical dehalogenation at −2.0 V vs SHE [add electrode, cell, electrolyte and pH], plotted against descriptors computed at B3LYP/6-311++G(d), gas phase. Filled gray circles are published bromobenzene data, open circles are new chlorobenzene data and gray squares are published PBDE data. Error bars are ±1 standard error of k_obs propagated to ln k_obs (no standard errors are available for the chlorobenzenes). The dotted line is the least-squares fit to the bromobenzenes (R² = 0.63, n = 7). The other compounds are predicted by that fit. Compounds are labelled by shorthand. Fit line, slope, intercept and R² are Excel formulas (SLOPE, INTERCEPT, RSQ) over the bromobenzene cells beside the chart.

Sheet B3gas 15 dr_CX_RA
A1: max_dr_CX_RA_A | B1: published bromobenzene data | C1: label | D1: y error | G1: max_dr_CX_RA_A | H1: new chlorobenzene data | I1: label | K1: max_dr_CX_RA_A | L1: published PBDE data | M1: label | N1: y error | P1: fit x | Q1: fit: published bromobenzene data
A2: 0.9262 | B2: -6.2146 | C2: MonoBr | D2: 0.105 | G2: 0.0719 | H2: 1.5559 | I2: HexaCl | K2: 0.0135 | L2: -2.551 | M2: BDE-47 | N2: 0.2308 | P2: =MIN($A$2:$A$8) | Q2: =$Q$6+$Q$5*P2
A3: 0.8605 | B3: -4.4228 | C3: 1,4-DiBr | D3: 0.1167 | G3: 0.6122 | H3: -1.6198 | I3: PentaCl | K3: 0.7027 | L3: -0.7985 | M3: BDE-99 | N3: 0.1511 | P3: =MAX($A$2:$A$8) | Q3: =$Q$6+$Q$5*P3
A4: 0.0475 | B4: -3.4143 | C4: 1,3-DiBr | D4: 0.0942 | G4: 0.0451 | H4: -1.22 | I4: 1,2,4,5-TetraCl
A5: 0.7235 | B5: -0.5978 | C5: 1,2,4-TriBr | D5: 0.1491 | G5: 0.857 | H5: -3.15 | I5: 1,2-DiCl | P5: slope | Q5: =SLOPE($B$2:$B$8,$A$2:$A$8)
A6: 0.7132 | B6: -0.1054 | C6: 1,3,5-TriBr | D6: 0.1667 | G6: 0.0836 | H6: -7.0073 | I6: 1,4-DiCl | P6: intercept | Q6: =INTERCEPT($B$2:$B$8,$A$2:$A$8)
A7: 0.0198 | B7: 0.9163 | C7: 1,2,4,5-TetrBr | D7: 0.112 | P7: R2 | Q7: =RSQ($B$2:$B$8,$A$2:$A$8)
A8: 0.0908 | B8: 2.3026 | C8: HexaBr | D8: 0.13
S17: Natural logarithm of the observed pseudo-first-order rate constants (k_obs, h⁻¹) for electrochemical dehalogenation at −2.0 V vs SHE [add electrode, cell, electrolyte and pH], plotted against descriptors computed at B3LYP/6-311++G(d), gas phase. Filled gray circles are published bromobenzene data, open circles are new chlorobenzene data and gray squares are published PBDE data. Error bars are ±1 standard error of k_obs propagated to ln k_obs (no standard errors are available for the chlorobenzenes). The dotted line is the least-squares fit to the bromobenzenes (R² = 0.34, n = 7). The other compounds are predicted by that fit. Compounds are labelled by shorthand. Fit line, slope, intercept and R² are Excel formulas (SLOPE, INTERCEPT, RSQ) over the bromobenzene cells beside the chart.

Sheet B3gas 16 fplus_CX
A1: max_fplus_CX | B1: published bromobenzene data | C1: label | D1: y error | G1: max_fplus_CX | H1: new chlorobenzene data | I1: label | K1: max_fplus_CX | L1: published PBDE data | M1: label | N1: y error | P1: fit x | Q1: fit: published bromobenzene data
A2: 0.1498 | B2: -6.2146 | C2: MonoBr | D2: 0.105 | G2: 0.2258 | H2: 1.5559 | I2: HexaCl | K2: 0.1206 | L2: -2.551 | M2: BDE-47 | N2: 0.2308 | P2: =MIN($A$2:$A$8) | Q2: =$Q$6+$Q$5*P2
A3: 0.4011 | B3: -4.4228 | C3: 1,4-DiBr | D3: 0.1167 | G3: 0.2291 | H3: -1.6198 | I3: PentaCl | K3: 0.1534 | L3: -0.7985 | M3: BDE-99 | N3: 0.1511 | P3: =MAX($A$2:$A$8) | Q3: =$Q$6+$Q$5*P3
A4: 0.2248 | B4: -3.4143 | C4: 1,3-DiBr | D4: 0.0942 | G4: 0.1526 | H4: -1.22 | I4: 1,2,4,5-TetraCl
A5: 0.271 | B5: -0.5978 | C5: 1,2,4-TriBr | D5: 0.1491 | G5: 0.1622 | H5: -3.15 | I5: 1,2-DiCl | P5: slope | Q5: =SLOPE($B$2:$B$8,$A$2:$A$8)
A6: 0.2669 | B6: -0.1054 | C6: 1,3,5-TriBr | D6: 0.1667 | G6: 0.147 | H6: -7.0073 | I6: 1,4-DiCl | P6: intercept | Q6: =INTERCEPT($B$2:$B$8,$A$2:$A$8)
A7: 0.214 | B7: 0.9163 | C7: 1,2,4,5-TetrBr | D7: 0.112 | P7: R2 | Q7: =RSQ($B$2:$B$8,$A$2:$A$8)
A8: 0.1667 | B8: 2.3026 | C8: HexaBr | D8: 0.13
S17: Natural logarithm of the observed pseudo-first-order rate constants (k_obs, h⁻¹) for electrochemical dehalogenation at −2.0 V vs SHE [add electrode, cell, electrolyte and pH], plotted against descriptors computed at B3LYP/6-311++G(d), gas phase. Filled gray circles are published bromobenzene data, open circles are new chlorobenzene data and gray squares are published PBDE data. Error bars are ±1 standard error of k_obs propagated to ln k_obs (no standard errors are available for the chlorobenzenes). The dotted line is the least-squares fit to the bromobenzenes (R² = 0.04, n = 7). The other compounds are predicted by that fit. Compounds are labelled by shorthand. Fit line, slope, intercept and R² are Excel formulas (SLOPE, INTERCEPT, RSQ) over the bromobenzene cells beside the chart.

Sheet B3SMD 01 dG rad_red
A1: min_dG_rad_red_kcal | B1: published bromobenzene data | C1: label | D1: y error | G1: min_dG_rad_red_kcal | H1: new chlorobenzene data | I1: label | K1: min_dG_rad_red_kcal | L1: published PBDE data | M1: label | N1: y error | P1: fit x | Q1: fit: published bromobenzene data
A2: -83.65 | B2: -6.2146 | C2: MonoBr | D2: 0.105 | G2: -113.44 | H2: 1.5559 | I2: HexaCl | K2: -100.19 | L2: -2.551 | M2: BDE-47 | N2: 0.2308 | P2: =MIN($A$2:$A$8) | Q2: =$Q$6+$Q$5*P2
A3: -87.22 | B3: -4.4228 | C3: 1,4-DiBr | D3: 0.1167 | G3: -111.41 | H3: -1.6198 | I3: PentaCl | K3: -107.38 | L3: -0.7985 | M3: BDE-99 | N3: 0.1511 | P3: =MAX($A$2:$A$8) | Q3: =$Q$6+$Q$5*P3
A4: -88.35 | B4: -3.4143 | C4: 1,3-DiBr | D4: 0.0942 | G4: -101.3 | H4: -1.22 | I4: 1,2,4,5-TetraCl
A5: -96.99 | B5: -0.5978 | C5: 1,2,4-TriBr | D5: 0.1491 | G5: -94.4 | H5: -3.15 | I5: 1,2-DiCl | P5: slope | Q5: =SLOPE($B$2:$B$8,$A$2:$A$8)
A6: -93.68 | B6: -0.1054 | C6: 1,3,5-TriBr | D6: 0.1667 | G6: -87.17 | H6: -7.0073 | I6: 1,4-DiCl | P6: intercept | Q6: =INTERCEPT($B$2:$B$8,$A$2:$A$8)
A7: -100.08 | B7: 0.9163 | C7: 1,2,4,5-TetrBr | D7: 0.112 | P7: R2 | Q7: =RSQ($B$2:$B$8,$A$2:$A$8)
A8: -109.69 | B8: 2.3026 | C8: HexaBr | D8: 0.13
S17: Natural logarithm of the observed pseudo-first-order rate constants (k_obs, h⁻¹) for electrochemical dehalogenation at −2.0 V vs SHE [add electrode, cell, electrolyte and pH], plotted against descriptors computed at B3LYP/6-311++G(d), SMD (water). Filled gray circles are published bromobenzene data, open circles are new chlorobenzene data and gray squares are published PBDE data. Error bars are ±1 standard error of k_obs propagated to ln k_obs (no standard errors are available for the chlorobenzenes). The dotted line is the least-squares fit to the bromobenzenes (R² = 0.89, n = 7). The other compounds are predicted by that fit. Compounds are labelled by shorthand. Fit line, slope, intercept and R² are Excel formulas (SLOPE, INTERCEPT, RSQ) over the bromobenzene cells beside the chart.

Sheet B3SMD 02 dG RA_2e_any
A1: min_dG_RA_2e_any_kcal | B1: published bromobenzene data | C1: label | D1: y error | G1: min_dG_RA_2e_any_kcal | H1: new chlorobenzene data | I1: label | K1: min_dG_RA_2e_any_kcal | L1: published PBDE data | M1: label | N1: y error | P1: fit x | Q1: fit: published bromobenzene data
A2: -86.81 | B2: -6.2146 | C2: MonoBr | D2: 0.105 | G2: -113.96 | H2: 1.5559 | I2: HexaCl | K2: -103.2 | L2: -2.551 | M2: BDE-47 | N2: 0.2308 | P2: =MIN($A$2:$A$8) | Q2: =$Q$6+$Q$5*P2
A3: -89.71 | B3: -4.4228 | C3: 1,4-DiBr | D3: 0.1167 | G3: -113.2 | H3: -1.6198 | I3: PentaCl | P3: =MAX($A$2:$A$8) | Q3: =$Q$6+$Q$5*P3
A4: -91.83 | B4: -3.4143 | C4: 1,3-DiBr | D4: 0.0942 | G4: -104.37 | H4: -1.22 | I4: 1,2,4,5-TetraCl
A5: -98.45 | B5: -0.5978 | C5: 1,2,4-TriBr | D5: 0.1491 | G5: -94.35 | H5: -3.15 | I5: 1,2-DiCl | P5: slope | Q5: =SLOPE($B$2:$B$8,$A$2:$A$8)
A6: -94.64 | B6: -0.1054 | C6: 1,3,5-TriBr | D6: 0.1667 | G6: -116.47 | H6: -7.0073 | I6: 1,4-DiCl | P6: intercept | Q6: =INTERCEPT($B$2:$B$8,$A$2:$A$8)
A7: -99.84 | B7: 0.9163 | C7: 1,2,4,5-TetrBr | D7: 0.112 | P7: R2 | Q7: =RSQ($B$2:$B$8,$A$2:$A$8)
A8: -107.2 | B8: 2.3026 | C8: HexaBr | D8: 0.13
S17: Natural logarithm of the observed pseudo-first-order rate constants (k_obs, h⁻¹) for electrochemical dehalogenation at −2.0 V vs SHE [add electrode, cell, electrolyte and pH], plotted against descriptors computed at B3LYP/6-311++G(d), SMD (water). Filled gray circles are published bromobenzene data, open circles are new chlorobenzene data and gray squares are published PBDE data. Error bars are ±1 standard error of k_obs propagated to ln k_obs (no standard errors are available for the chlorobenzenes). The dotted line is the least-squares fit to the bromobenzenes (R² = 0.89, n = 7). The other compounds are predicted by that fit. Compounds are labelled by shorthand. Fit line, slope, intercept and R² are Excel formulas (SLOPE, INTERCEPT, RSQ) over the bromobenzene cells beside the chart.

Sheet B3SMD 03 wiberg_CX_parent
A1: min_wiberg_CX_parent | B1: published bromobenzene data | C1: label | D1: y error | G1: min_wiberg_CX_parent | H1: new chlorobenzene data | I1: label | K1: min_wiberg_CX_parent | L1: published PBDE data | M1: label | N1: y error | P1: fit x | Q1: fit: published bromobenzene data
A2: 1.0259 | B2: -6.2146 | C2: MonoBr | D2: 0.105 | G2: 1.0843 | H2: 1.5559 | I2: HexaCl | K2: 1.0333 | L2: -2.551 | M2: BDE-47 | N2: 0.2308 | P2: =MIN($A$2:$A$8) | Q2: =$Q$6+$Q$5*P2
A3: 1.0325 | B3: -4.4228 | C3: 1,4-DiBr | D3: 0.1167 | G3: 1.0726 | H3: -1.6198 | I3: PentaCl | K3: 1.0364 | L3: -0.7985 | M3: BDE-99 | N3: 0.1511 | P3: =MAX($A$2:$A$8) | Q3: =$Q$6+$Q$5*P3
A4: 1.0336 | B4: -3.4143 | C4: 1,3-DiBr | D4: 0.0942 | G4: 1.0672 | H4: -1.22 | I4: 1,2,4,5-TetraCl
A5: 1.0392 | B5: -0.5978 | C5: 1,2,4-TriBr | D5: 0.1491 | G5: 1.0538 | H5: -3.15 | I5: 1,2-DiCl | P5: slope | Q5: =SLOPE($B$2:$B$8,$A$2:$A$8)
A6: 1.0413 | B6: -0.1054 | C6: 1,3,5-TriBr | D6: 0.1667 | G6: 1.043 | H6: -7.0073 | I6: 1,4-DiCl | P6: intercept | Q6: =INTERCEPT($B$2:$B$8,$A$2:$A$8)
A7: 1.0505 | B7: 0.9163 | C7: 1,2,4,5-TetrBr | D7: 0.112 | P7: R2 | Q7: =RSQ($B$2:$B$8,$A$2:$A$8)
A8: 1.0616 | B8: 2.3026 | C8: HexaBr | D8: 0.13
S17: Natural logarithm of the observed pseudo-first-order rate constants (k_obs, h⁻¹) for electrochemical dehalogenation at −2.0 V vs SHE [add electrode, cell, electrolyte and pH], plotted against descriptors computed at B3LYP/6-311++G(d), SMD (water). Filled gray circles are published bromobenzene data, open circles are new chlorobenzene data and gray squares are published PBDE data. Error bars are ±1 standard error of k_obs propagated to ln k_obs (no standard errors are available for the chlorobenzenes). The dotted line is the least-squares fit to the bromobenzenes (R² = 0.88, n = 7). The other compounds are predicted by that fit. Compounds are labelled by shorthand. Fit line, slope, intercept and R² are Excel formulas (SLOPE, INTERCEPT, RSQ) over the bromobenzene cells beside the chart.

Sheet B3SMD 04 n_X
A1: n_X | B1: published bromobenzene data | C1: label | D1: y error | G1: n_X | H1: new chlorobenzene data | I1: label | K1: n_X | L1: published PBDE data | M1: label | N1: y error | P1: fit x | Q1: fit: published bromobenzene data
A2: 1 | B2: -6.2146 | C2: MonoBr | D2: 0.105 | G2: 6 | H2: 1.5559 | I2: HexaCl | K2: 4 | L2: -2.551 | M2: BDE-47 | N2: 0.2308 | P2: =MIN($A$2:$A$8) | Q2: =$Q$6+$Q$5*P2
A3: 2 | B3: -4.4228 | C3: 1,4-DiBr | D3: 0.1167 | G3: 5 | H3: -1.6198 | I3: PentaCl | K3: 5 | L3: -0.7985 | M3: BDE-99 | N3: 0.1511 | P3: =MAX($A$2:$A$8) | Q3: =$Q$6+$Q$5*P3
A4: 2 | B4: -3.4143 | C4: 1,3-DiBr | D4: 0.0942 | G4: 4 | H4: -1.22 | I4: 1,2,4,5-TetraCl
A5: 3 | B5: -0.5978 | C5: 1,2,4-TriBr | D5: 0.1491 | G5: 2 | H5: -3.15 | I5: 1,2-DiCl | P5: slope | Q5: =SLOPE($B$2:$B$8,$A$2:$A$8)
A6: 3 | B6: -0.1054 | C6: 1,3,5-TriBr | D6: 0.1667 | G6: 2 | H6: -7.0073 | I6: 1,4-DiCl | P6: intercept | Q6: =INTERCEPT($B$2:$B$8,$A$2:$A$8)
A7: 4 | B7: 0.9163 | C7: 1,2,4,5-TetrBr | D7: 0.112 | P7: R2 | Q7: =RSQ($B$2:$B$8,$A$2:$A$8)
A8: 6 | B8: 2.3026 | C8: HexaBr | D8: 0.13
S17: Natural logarithm of the observed pseudo-first-order rate constants (k_obs, h⁻¹) for electrochemical dehalogenation at −2.0 V vs SHE [add electrode, cell, electrolyte and pH], plotted against descriptors computed at B3LYP/6-311++G(d), SMD (water). Filled gray circles are published bromobenzene data, open circles are new chlorobenzene data and gray squares are published PBDE data. Error bars are ±1 standard error of k_obs propagated to ln k_obs (no standard errors are available for the chlorobenzenes). The dotted line is the least-squares fit to the bromobenzenes (R² = 0.86, n = 7). The other compounds are predicted by that fit. Compounds are labelled by shorthand. Fit line, slope, intercept and R² are Excel formulas (SLOPE, INTERCEPT, RSQ) over the bromobenzene cells beside the chart.

Sheet B3SMD 05 LUMO
A1: LUMO_eV | B1: published bromobenzene data | C1: label | D1: y error | G1: LUMO_eV | H1: new chlorobenzene data | I1: label | K1: LUMO_eV | L1: published PBDE data | M1: label | N1: y error | P1: fit x | Q1: fit: published bromobenzene data
A2: -0.708 | B2: -6.2146 | C2: MonoBr | D2: 0.105 | G2: -1.904 | H2: 1.5559 | I2: HexaCl | K2: -1.271 | L2: -2.551 | M2: BDE-47 | N2: 0.2308 | P2: =MIN($A$2:$A$8) | Q2: =$Q$6+$Q$5*P2
A3: -0.992 | B3: -4.4228 | C3: 1,4-DiBr | D3: 0.1167 | G3: -1.539 | H3: -1.6198 | I3: PentaCl | K3: -1.487 | L3: -0.7985 | M3: BDE-99 | N3: 0.1511 | P3: =MAX($A$2:$A$8) | Q3: =$Q$6+$Q$5*P3
A4: -1.029 | B4: -3.4143 | C4: 1,3-DiBr | D4: 0.0942 | G4: -1.372 | H4: -1.22 | I4: 1,2,4,5-TetraCl
A5: -1.426 | B5: -0.5978 | C5: 1,2,4-TriBr | D5: 0.1491 | G5: -0.896 | H5: -3.15 | I5: 1,2-DiCl | P5: slope | Q5: =SLOPE($B$2:$B$8,$A$2:$A$8)
A6: -1.51 | B6: -0.1054 | C6: 1,3,5-TriBr | D6: 0.1667 | G6: -0.933 | H6: -7.0073 | I6: 1,4-DiCl | P6: intercept | Q6: =INTERCEPT($B$2:$B$8,$A$2:$A$8)
A7: -1.758 | B7: 0.9163 | C7: 1,2,4,5-TetrBr | D7: 0.112 | P7: R2 | Q7: =RSQ($B$2:$B$8,$A$2:$A$8)
A8: -2.69 | B8: 2.3026 | C8: HexaBr | D8: 0.13
S17: Natural logarithm of the observed pseudo-first-order rate constants (k_obs, h⁻¹) for electrochemical dehalogenation at −2.0 V vs SHE [add electrode, cell, electrolyte and pH], plotted against descriptors computed at B3LYP/6-311++G(d), SMD (water). Filled gray circles are published bromobenzene data, open circles are new chlorobenzene data and gray squares are published PBDE data. Error bars are ±1 standard error of k_obs propagated to ln k_obs (no standard errors are available for the chlorobenzenes). The dotted line is the least-squares fit to the bromobenzenes (R² = 0.84, n = 7). The other compounds are predicted by that fit. Compounds are labelled by shorthand. Fit line, slope, intercept and R² are Excel formulas (SLOPE, INTERCEPT, RSQ) over the bromobenzene cells beside the chart.

Sheet B3SMD 06 dG 2e_carbanion
A1: min_dG_2e_carbanion_kcal | B1: published bromobenzene data | C1: label | D1: y error | G1: min_dG_2e_carbanion_kcal | H1: new chlorobenzene data | I1: label | K1: min_dG_2e_carbanion_kcal | L1: published PBDE data | M1: label | N1: y error | P1: fit x | Q1: fit: published bromobenzene data
A2: -147.23 | B2: -6.2146 | C2: MonoBr | D2: 0.105 | G2: -187.46 | H2: 1.5559 | I2: HexaCl | K2: -166.45 | L2: -2.551 | M2: BDE-47 | N2: 0.2308 | P2: =MIN($A$2:$A$8) | Q2: =$Q$6+$Q$5*P2
A3: -151.25 | B3: -4.4228 | C3: 1,4-DiBr | D3: 0.1167 | G3: -184.82 | H3: -1.6198 | I3: PentaCl | K3: -173.47 | L3: -0.7985 | M3: BDE-99 | N3: 0.1511 | P3: =MAX($A$2:$A$8) | Q3: =$Q$6+$Q$5*P3
A4: -153.37 | B4: -3.4143 | C4: 1,3-DiBr | D4: 0.0942 | G4: -172.09 | H4: -1.22 | I4: 1,2,4,5-TetraCl
A5: -164.3 | B5: -0.5978 | C5: 1,2,4-TriBr | D5: 0.1491 | G5: -164.42 | H5: -3.15 | I5: 1,2-DiCl | P5: slope | Q5: =SLOPE($B$2:$B$8,$A$2:$A$8)
A6: -159.14 | B6: -0.1054 | C6: 1,3,5-TriBr | D6: 0.1667 | G6: -155.14 | H6: -7.0073 | I6: 1,4-DiCl | P6: intercept | Q6: =INTERCEPT($B$2:$B$8,$A$2:$A$8)
A7: -167.94 | B7: 0.9163 | C7: 1,2,4,5-TetrBr | D7: 0.112 | P7: R2 | Q7: =RSQ($B$2:$B$8,$A$2:$A$8)
A8: -184.25 | B8: 2.3026 | C8: HexaBr | D8: 0.13
S17: Natural logarithm of the observed pseudo-first-order rate constants (k_obs, h⁻¹) for electrochemical dehalogenation at −2.0 V vs SHE [add electrode, cell, electrolyte and pH], plotted against descriptors computed at B3LYP/6-311++G(d), SMD (water). Filled gray circles are published bromobenzene data, open circles are new chlorobenzene data and gray squares are published PBDE data. Error bars are ±1 standard error of k_obs propagated to ln k_obs (no standard errors are available for the chlorobenzenes). The dotted line is the least-squares fit to the bromobenzenes (R² = 0.84, n = 7). The other compounds are predicted by that fit. Compounds are labelled by shorthand. Fit line, slope, intercept and R² are Excel formulas (SLOPE, INTERCEPT, RSQ) over the bromobenzene cells beside the chart.

Sheet B3SMD 07 dG frag_any
A1: min_dG_frag_any_kcal | B1: published bromobenzene data | C1: label | D1: y error | G1: min_dG_frag_any_kcal | H1: new chlorobenzene data | I1: label | K1: min_dG_frag_any_kcal | L1: published PBDE data | M1: label | N1: y error | P1: fit x | Q1: fit: published bromobenzene data
A2: -3.16 | B2: -6.2146 | C2: MonoBr | D2: 0.105 | G2: -0.53 | H2: 1.5559 | I2: HexaCl | K2: -3.02 | L2: -2.551 | M2: BDE-47 | N2: 0.2308 | P2: =MIN($A$2:$A$8) | Q2: =$Q$6+$Q$5*P2
A3: -2.49 | B3: -4.4228 | C3: 1,4-DiBr | D3: 0.1167 | G3: -1.79 | H3: -1.6198 | I3: PentaCl | P3: =MAX($A$2:$A$8) | Q3: =$Q$6+$Q$5*P3
A4: -3.48 | B4: -3.4143 | C4: 1,3-DiBr | D4: 0.0942 | G4: -3.07 | H4: -1.22 | I4: 1,2,4,5-TetraCl
A5: -1.46 | B5: -0.5978 | C5: 1,2,4-TriBr | D5: 0.1491 | G5: 0.04 | H5: -3.15 | I5: 1,2-DiCl | P5: slope | Q5: =SLOPE($B$2:$B$8,$A$2:$A$8)
A6: -0.97 | B6: -0.1054 | C6: 1,3,5-TriBr | D6: 0.1667 | G6: -29.3 | H6: -7.0073 | I6: 1,4-DiCl | P6: intercept | Q6: =INTERCEPT($B$2:$B$8,$A$2:$A$8)
A7: 0.25 | B7: 0.9163 | C7: 1,2,4,5-TetrBr | D7: 0.112 | P7: R2 | Q7: =RSQ($B$2:$B$8,$A$2:$A$8)
A8: 2.49 | B8: 2.3026 | C8: HexaBr | D8: 0.13
S17: Natural logarithm of the observed pseudo-first-order rate constants (k_obs, h⁻¹) for electrochemical dehalogenation at −2.0 V vs SHE [add electrode, cell, electrolyte and pH], plotted against descriptors computed at B3LYP/6-311++G(d), SMD (water). Filled gray circles are published bromobenzene data, open circles are new chlorobenzene data and gray squares are published PBDE data. Error bars are ±1 standard error of k_obs propagated to ln k_obs (no standard errors are available for the chlorobenzenes). The dotted line is the least-squares fit to the bromobenzenes (R² = 0.80, n = 7). The other compounds are predicted by that fit. Compounds are labelled by shorthand. Fit line, slope, intercept and R² are Excel formulas (SLOPE, INTERCEPT, RSQ) over the bromobenzene cells beside the chart.

Sheet B3SMD 08 dG0_act_concerted
A1: min_dG0_act_concerted_kcal | B1: published bromobenzene data | C1: label | D1: y error | G1: min_dG0_act_concerted_kcal | H1: new chlorobenzene data | I1: label | K1: min_dG0_act_concerted_kcal | L1: published PBDE data | M1: label | N1: y error | P1: fit x | Q1: fit: published bromobenzene data
A2: 26.44 | B2: -6.2146 | C2: MonoBr | D2: 0.105 | G2: 27.56 | H2: 1.5559 | I2: HexaCl | K2: 23.87 | L2: -2.551 | M2: BDE-47 | N2: 0.2308 | P2: =MIN($A$2:$A$8) | Q2: =$Q$6+$Q$5*P2
A3: 26.01 | B3: -4.4228 | C3: 1,4-DiBr | D3: 0.1167 | G3: 27.81 | H3: -1.6198 | I3: PentaCl | K3: 23.56 | L3: -0.7985 | M3: BDE-99 | N3: 0.1511 | P3: =MAX($A$2:$A$8) | Q3: =$Q$6+$Q$5*P3
A4: 25.78 | B4: -3.4143 | C4: 1,3-DiBr | D4: 0.0942 | G4: 28.84 | H4: -1.22 | I4: 1,2,4,5-TetraCl
A5: 24.8 | B5: -0.5978 | C5: 1,2,4-TriBr | D5: 0.1491 | G5: 29.46 | H5: -3.15 | I5: 1,2-DiCl | P5: slope | Q5: =SLOPE($B$2:$B$8,$A$2:$A$8)
A6: 25.22 | B6: -0.1054 | C6: 1,3,5-TriBr | D6: 0.1667 | G6: 29.94 | H6: -7.0073 | I6: 1,4-DiCl | P6: intercept | Q6: =INTERCEPT($B$2:$B$8,$A$2:$A$8)
A7: 24.58 | B7: 0.9163 | C7: 1,2,4,5-TetrBr | D7: 0.112 | P7: R2 | Q7: =RSQ($B$2:$B$8,$A$2:$A$8)
A8: 22.42 | B8: 2.3026 | C8: HexaBr | D8: 0.13
S17: Natural logarithm of the observed pseudo-first-order rate constants (k_obs, h⁻¹) for electrochemical dehalogenation at −2.0 V vs SHE [add electrode, cell, electrolyte and pH], plotted against descriptors computed at B3LYP/6-311++G(d), SMD (water). Filled gray circles are published bromobenzene data, open circles are new chlorobenzene data and gray squares are published PBDE data. Error bars are ±1 standard error of k_obs propagated to ln k_obs (no standard errors are available for the chlorobenzenes). The dotted line is the least-squares fit to the bromobenzenes (R² = 0.79, n = 7). The other compounds are predicted by that fit. Compounds are labelled by shorthand. Fit line, slope, intercept and R² are Excel formulas (SLOPE, INTERCEPT, RSQ) over the bromobenzene cells beside the chart.

Sheet B3SMD 09 dG 2e_HDH
A1: min_dG_2e_HDH_kcal | B1: published bromobenzene data | C1: label | D1: y error | G1: min_dG_2e_HDH_kcal | H1: new chlorobenzene data | I1: label | K1: min_dG_2e_HDH_kcal | L1: published PBDE data | M1: label | N1: y error | P1: fit x | Q1: fit: published bromobenzene data
A2: -214.76 | B2: -6.2146 | C2: MonoBr | D2: 0.105 | G2: -229.4 | H2: 1.5559 | I2: HexaCl | K2: -219.46 | L2: -2.551 | M2: BDE-47 | N2: 0.2308 | P2: =MIN($A$2:$A$8) | Q2: =$Q$6+$Q$5*P2
A3: -216.7 | B3: -4.4228 | C3: 1,4-DiBr | D3: 0.1167 | G3: -227.91 | H3: -1.6198 | I3: PentaCl | K3: -220.63 | L3: -0.7985 | M3: BDE-99 | N3: 0.1511 | P3: =MAX($A$2:$A$8) | Q3: =$Q$6+$Q$5*P3
A4: -216.62 | B4: -3.4143 | C4: 1,3-DiBr | D4: 0.0942 | G4: -225.58 | H4: -1.22 | I4: 1,2,4,5-TetraCl
A5: -219.79 | B5: -0.5978 | C5: 1,2,4-TriBr | D5: 0.1491 | G5: -222.98 | H5: -3.15 | I5: 1,2-DiCl | P5: slope | Q5: =SLOPE($B$2:$B$8,$A$2:$A$8)
A6: -217.99 | B6: -0.1054 | C6: 1,3,5-TriBr | D6: 0.1667 | G6: -220.72 | H6: -7.0073 | I6: 1,4-DiCl | P6: intercept | Q6: =INTERCEPT($B$2:$B$8,$A$2:$A$8)
A7: -221.89 | B7: 0.9163 | C7: 1,2,4,5-TetrBr | D7: 0.112 | P7: R2 | Q7: =RSQ($B$2:$B$8,$A$2:$A$8)
A8: -227.26 | B8: 2.3026 | C8: HexaBr | D8: 0.13
S17: Natural logarithm of the observed pseudo-first-order rate constants (k_obs, h⁻¹) for electrochemical dehalogenation at −2.0 V vs SHE [add electrode, cell, electrolyte and pH], plotted against descriptors computed at B3LYP/6-311++G(d), SMD (water). Filled gray circles are published bromobenzene data, open circles are new chlorobenzene data and gray squares are published PBDE data. Error bars are ±1 standard error of k_obs propagated to ln k_obs (no standard errors are available for the chlorobenzenes). The dotted line is the least-squares fit to the bromobenzenes (R² = 0.79, n = 7). The other compounds are predicted by that fit. Compounds are labelled by shorthand. Fit line, slope, intercept and R² are Excel formulas (SLOPE, INTERCEPT, RSQ) over the bromobenzene cells beside the chart.

Sheet B3SMD 10 dG act_concerted
A1: eff_dG_act_concerted_kcal @ -2.00 V | B1: published bromobenzene data | C1: label | D1: y error | G1: eff_dG_act_concerted_kcal @ -2.00 V | H1: new chlorobenzene data | I1: label | K1: eff_dG_act_concerted_kcal @ -2.00 V | L1: published PBDE data | M1: label | N1: y error | P1: fit x | Q1: fit: published bromobenzene data
A2: 21.24 | B2: -6.2146 | C2: MonoBr | D2: 0.105 | G2: 16.82841 | H2: 1.5559 | I2: HexaCl | K2: 17.06427 | L2: -2.551 | M2: BDE-47 | N2: 0.2308 | P2: =MIN($A$2:$A$8) | Q2: =$Q$6+$Q$5*P2
A3: 20.19932 | B3: -4.4228 | C3: 1,4-DiBr | D3: 0.1167 | G3: 17.96238 | H3: -1.6198 | I3: PentaCl | K3: 16.34236 | L3: -0.7985 | M3: BDE-99 | N3: 0.1511 | P3: =MAX($A$2:$A$8) | Q3: =$Q$6+$Q$5*P3
A4: 19.52932 | B4: -3.4143 | C4: 1,3-DiBr | D4: 0.0942 | G4: 19.64864 | H4: -1.22 | I4: 1,2,4,5-TetraCl
A5: 17.74253 | B5: -0.5978 | C5: 1,2,4-TriBr | D5: 0.1491 | G5: 20.97932 | H5: -3.15 | I5: 1,2-DiCl | P5: slope | Q5: =SLOPE($B$2:$B$8,$A$2:$A$8)
A6: 18.54909 | B6: -0.1054 | C6: 1,3,5-TriBr | D6: 0.1667 | G6: 22.32932 | H6: -7.0073 | I6: 1,4-DiCl | P6: intercept | Q6: =INTERCEPT($B$2:$B$8,$A$2:$A$8)
A7: 16.72864 | B7: 0.9163 | C7: 1,2,4,5-TetrBr | D7: 0.112 | P7: R2 | Q7: =RSQ($B$2:$B$8,$A$2:$A$8)
A8: 11.72841 | B8: 2.3026 | C8: HexaBr | D8: 0.13
S17: Natural logarithm of the observed pseudo-first-order rate constants (k_obs, h⁻¹) for electrochemical dehalogenation at −2.0 V vs SHE [add electrode, cell, electrolyte and pH], plotted against descriptors computed at B3LYP/6-311++G(d), SMD (water). Filled gray circles are published bromobenzene data, open circles are new chlorobenzene data and gray squares are published PBDE data. Error bars are ±1 standard error of k_obs propagated to ln k_obs (no standard errors are available for the chlorobenzenes). The dotted line is the least-squares fit to the bromobenzenes (R² = 0.77, n = 7). The other compounds are predicted by that fit. Compounds are labelled by shorthand. Fit line, slope, intercept and R² are Excel formulas (SLOPE, INTERCEPT, RSQ) over the bromobenzene cells beside the chart.

Sheet B3SMD 11 LUMO_RA
A1: LUMO_RA_eV | B1: published bromobenzene data | C1: label | D1: y error | G1: LUMO_RA_eV | H1: new chlorobenzene data | I1: label | K1: LUMO_RA_eV | L1: published PBDE data | M1: label | N1: y error | P1: fit x | Q1: fit: published bromobenzene data
A2: -1.7437 | B2: -6.2146 | C2: MonoBr | D2: 0.105 | G2: -2.8001 | H2: 1.5559 | I2: HexaCl | K2: -1.932 | L2: -2.551 | M2: BDE-47 | N2: 0.2308 | P2: =MIN($A$2:$A$8) | Q2: =$Q$6+$Q$5*P2
A3: -1.6188 | B3: -4.4228 | C3: 1,4-DiBr | D3: 0.1167 | G3: -2.7135 | H3: -1.6198 | I3: PentaCl | P3: =MAX($A$2:$A$8) | Q3: =$Q$6+$Q$5*P3
A4: -1.7255 | B4: -3.4143 | C4: 1,3-DiBr | D4: 0.0942 | G4: -2.4798 | H4: -1.22 | I4: 1,2,4,5-TetraCl
A5: -2.0145 | B5: -0.5978 | C5: 1,2,4-TriBr | D5: 0.1491 | G5: -3.0937 | H5: -3.15 | I5: 1,2-DiCl | P5: slope | Q5: =SLOPE($B$2:$B$8,$A$2:$A$8)
A6: -1.9519 | B6: -0.1054 | C6: 1,3,5-TriBr | D6: 0.1667 | G6: -0.1641 | H6: -7.0073 | I6: 1,4-DiCl | P6: intercept | Q6: =INTERCEPT($B$2:$B$8,$A$2:$A$8)
A7: -2.0667 | B7: 0.9163 | C7: 1,2,4,5-TetrBr | D7: 0.112 | P7: R2 | Q7: =RSQ($B$2:$B$8,$A$2:$A$8)
A8: -2.5353 | B8: 2.3026 | C8: HexaBr | D8: 0.13
S17: Natural logarithm of the observed pseudo-first-order rate constants (k_obs, h⁻¹) for electrochemical dehalogenation at −2.0 V vs SHE [add electrode, cell, electrolyte and pH], plotted against descriptors computed at B3LYP/6-311++G(d), SMD (water). Filled gray circles are published bromobenzene data, open circles are new chlorobenzene data and gray squares are published PBDE data. Error bars are ±1 standard error of k_obs propagated to ln k_obs (no standard errors are available for the chlorobenzenes). The dotted line is the least-squares fit to the bromobenzenes (R² = 0.76, n = 7). The other compounds are predicted by that fit. Compounds are labelled by shorthand. Fit line, slope, intercept and R² are Excel formulas (SLOPE, INTERCEPT, RSQ) over the bromobenzene cells beside the chart.

Sheet B3SMD 12 dG ET_any
A1: dG_ET_any_kcal | B1: published bromobenzene data | C1: label | D1: y error | G1: dG_ET_any_kcal | H1: new chlorobenzene data | I1: label | K1: dG_ET_any_kcal | L1: published PBDE data | M1: label | N1: y error | P1: fit x | Q1: fit: published bromobenzene data
A2: -60.42 | B2: -6.2146 | C2: MonoBr | D2: 0.105 | G2: -73.5 | H2: 1.5559 | I2: HexaCl | K2: -63.25 | L2: -2.551 | M2: BDE-47 | N2: 0.2308 | P2: =MIN($A$2:$A$8) | Q2: =$Q$6+$Q$5*P2
A3: -61.54 | B3: -4.4228 | C3: 1,4-DiBr | D3: 0.1167 | G3: -71.62 | H3: -1.6198 | I3: PentaCl | P3: =MAX($A$2:$A$8) | Q3: =$Q$6+$Q$5*P3
A4: -61.54 | B4: -3.4143 | C4: 1,3-DiBr | D4: 0.0942 | G4: -67.72 | H4: -1.22 | I4: 1,2,4,5-TetraCl
A5: -65.85 | B5: -0.5978 | C5: 1,2,4-TriBr | D5: 0.1491 | G5: -70.07 | H5: -3.15 | I5: 1,2-DiCl | P5: slope | Q5: =SLOPE($B$2:$B$8,$A$2:$A$8)
A6: -64.5 | B6: -0.1054 | C6: 1,3,5-TriBr | D6: 0.1667 | G6: -38.68 | H6: -7.0073 | I6: 1,4-DiCl | P6: intercept | Q6: =INTERCEPT($B$2:$B$8,$A$2:$A$8)
A7: -68.1 | B7: 0.9163 | C7: 1,2,4,5-TetrBr | D7: 0.112 | P7: R2 | Q7: =RSQ($B$2:$B$8,$A$2:$A$8)
A8: -77.05 | B8: 2.3026 | C8: HexaBr | D8: 0.13
S17: Natural logarithm of the observed pseudo-first-order rate constants (k_obs, h⁻¹) for electrochemical dehalogenation at −2.0 V vs SHE [add electrode, cell, electrolyte and pH], plotted against descriptors computed at B3LYP/6-311++G(d), SMD (water). Filled gray circles are published bromobenzene data, open circles are new chlorobenzene data and gray squares are published PBDE data. Error bars are ±1 standard error of k_obs propagated to ln k_obs (no standard errors are available for the chlorobenzenes). The dotted line is the least-squares fit to the bromobenzenes (R² = 0.75, n = 7). The other compounds are predicted by that fit. Compounds are labelled by shorthand. Fit line, slope, intercept and R² are Excel formulas (SLOPE, INTERCEPT, RSQ) over the bromobenzene cells beside the chart.

Sheet B3SMD 13 VEA
A1: VEA_eV | B1: published bromobenzene data | C1: label | D1: y error | G1: VEA_eV | H1: new chlorobenzene data | I1: label | K1: VEA_eV | L1: published PBDE data | M1: label | N1: y error | P1: fit x | Q1: fit: published bromobenzene data
A2: 1.013 | B2: -6.2146 | C2: MonoBr | D2: 0.105 | G2: 1.88 | H2: 1.5559 | I2: HexaCl | K2: 1.503 | L2: -2.551 | M2: BDE-47 | N2: 0.2308 | P2: =MIN($A$2:$A$8) | Q2: =$Q$6+$Q$5*P2
A3: 1.234 | B3: -4.4228 | C3: 1,4-DiBr | D3: 0.1167 | G3: 1.765 | H3: -1.6198 | I3: PentaCl | K3: 1.64 | L3: -0.7985 | M3: BDE-99 | N3: 0.1511 | P3: =MAX($A$2:$A$8) | Q3: =$Q$6+$Q$5*P3
A4: 1.245 | B4: -3.4143 | C4: 1,3-DiBr | D4: 0.0942 | G4: 1.653 | H4: -1.22 | I4: 1,2,4,5-TetraCl
A5: 1.521 | B5: -0.5978 | C5: 1,2,4-TriBr | D5: 0.1491 | G5: 1.217 | H5: -3.15 | I5: 1,2-DiCl | P5: slope | Q5: =SLOPE($B$2:$B$8,$A$2:$A$8)
A6: 1.472 | B6: -0.1054 | C6: 1,3,5-TriBr | D6: 0.1667 | G6: 1.254 | H6: -7.0073 | I6: 1,4-DiCl | P6: intercept | Q6: =INTERCEPT($B$2:$B$8,$A$2:$A$8)
A7: 1.815 | B7: 0.9163 | C7: 1,2,4,5-TetrBr | D7: 0.112 | P7: R2 | Q7: =RSQ($B$2:$B$8,$A$2:$A$8)
A8: 2.688 | B8: 2.3026 | C8: HexaBr | D8: 0.13
S17: Natural logarithm of the observed pseudo-first-order rate constants (k_obs, h⁻¹) for electrochemical dehalogenation at −2.0 V vs SHE [add electrode, cell, electrolyte and pH], plotted against descriptors computed at B3LYP/6-311++G(d), SMD (water). Filled gray circles are published bromobenzene data, open circles are new chlorobenzene data and gray squares are published PBDE data. Error bars are ±1 standard error of k_obs propagated to ln k_obs (no standard errors are available for the chlorobenzenes). The dotted line is the least-squares fit to the bromobenzenes (R² = 0.75, n = 7). The other compounds are predicted by that fit. Compounds are labelled by shorthand. Fit line, slope, intercept and R² are Excel formulas (SLOPE, INTERCEPT, RSQ) over the bromobenzene cells beside the chart.

Sheet B3SMD 14 omega_dSCF
A1: omega_dSCF_eV | B1: published bromobenzene data | C1: label | D1: y error | G1: omega_dSCF_eV | H1: new chlorobenzene data | I1: label | K1: omega_dSCF_eV | L1: published PBDE data | M1: label | N1: y error | P1: fit x | Q1: fit: published bromobenzene data
A2: 1.316 | B2: -6.2146 | C2: MonoBr | D2: 0.105 | G2: 1.94 | H2: 1.5559 | I2: HexaCl | K2: 1.59 | L2: -2.551 | M2: BDE-47 | N2: 0.2308 | P2: =MIN($A$2:$A$8) | Q2: =$Q$6+$Q$5*P2
A3: 1.447 | B3: -4.4228 | C3: 1,4-DiBr | D3: 0.1167 | G3: 1.841 | H3: -1.6198 | I3: PentaCl | K3: 1.706 | L3: -0.7985 | M3: BDE-99 | N3: 0.1511 | P3: =MAX($A$2:$A$8) | Q3: =$Q$6+$Q$5*P3
A4: 1.466 | B4: -3.4143 | C4: 1,3-DiBr | D4: 0.0942 | G4: 1.746 | H4: -1.22 | I4: 1,2,4,5-TetraCl
A5: 1.649 | B5: -0.5978 | C5: 1,2,4-TriBr | D5: 0.1491 | G5: 1.446 | H5: -3.15 | I5: 1,2-DiCl | P5: slope | Q5: =SLOPE($B$2:$B$8,$A$2:$A$8)
A6: 1.637 | B6: -0.1054 | C6: 1,3,5-TriBr | D6: 0.1667 | G6: 1.457 | H6: -7.0073 | I6: 1,4-DiCl | P6: intercept | Q6: =INTERCEPT($B$2:$B$8,$A$2:$A$8)
A7: 1.874 | B7: 0.9163 | C7: 1,2,4,5-TetrBr | D7: 0.112 | P7: R2 | Q7: =RSQ($B$2:$B$8,$A$2:$A$8)
A8: 2.706 | B8: 2.3026 | C8: HexaBr | D8: 0.13
S17: Natural logarithm of the observed pseudo-first-order rate constants (k_obs, h⁻¹) for electrochemical dehalogenation at −2.0 V vs SHE [add electrode, cell, electrolyte and pH], plotted against descriptors computed at B3LYP/6-311++G(d), SMD (water). Filled gray circles are published bromobenzene data, open circles are new chlorobenzene data and gray squares are published PBDE data. Error bars are ±1 standard error of k_obs propagated to ln k_obs (no standard errors are available for the chlorobenzenes). The dotted line is the least-squares fit to the bromobenzenes (R² = 0.68, n = 7). The other compounds are predicted by that fit. Compounds are labelled by shorthand. Fit line, slope, intercept and R² are Excel formulas (SLOPE, INTERCEPT, RSQ) over the bromobenzene cells beside the chart.

Sheet B3SMD 15 dG 1e
A1: min_dG_1e_kcal | B1: published bromobenzene data | C1: label | D1: y error | G1: min_dG_1e_kcal | H1: new chlorobenzene data | I1: label | K1: min_dG_1e_kcal | L1: published PBDE data | M1: label | N1: y error | P1: fit x | Q1: fit: published bromobenzene data
A2: -63.58 | B2: -6.2146 | C2: MonoBr | D2: 0.105 | G2: -74.03 | H2: 1.5559 | I2: HexaCl | K2: -66.26 | L2: -2.551 | M2: BDE-47 | N2: 0.2308 | P2: =MIN($A$2:$A$8) | Q2: =$Q$6+$Q$5*P2
A3: -64.03 | B3: -4.4228 | C3: 1,4-DiBr | D3: 0.1167 | G3: -73.41 | H3: -1.6198 | I3: PentaCl | K3: -67.25 | L3: -0.7985 | M3: BDE-99 | N3: 0.1511 | P3: =MAX($A$2:$A$8) | Q3: =$Q$6+$Q$5*P3
A4: -65.02 | B4: -3.4143 | C4: 1,3-DiBr | D4: 0.0942 | G4: -70.79 | H4: -1.22 | I4: 1,2,4,5-TetraCl
A5: -67.31 | B5: -0.5978 | C5: 1,2,4-TriBr | D5: 0.1491 | G5: -70.02 | H5: -3.15 | I5: 1,2-DiCl | P5: slope | Q5: =SLOPE($B$2:$B$8,$A$2:$A$8)
A6: -65.46 | B6: -0.1054 | C6: 1,3,5-TriBr | D6: 0.1667 | G6: -67.98 | H6: -7.0073 | I6: 1,4-DiCl | P6: intercept | Q6: =INTERCEPT($B$2:$B$8,$A$2:$A$8)
A7: -67.85 | B7: 0.9163 | C7: 1,2,4,5-TetrBr | D7: 0.112 | P7: R2 | Q7: =RSQ($B$2:$B$8,$A$2:$A$8)
A8: -74.57 | B8: 2.3026 | C8: HexaBr | D8: 0.13
S17: Natural logarithm of the observed pseudo-first-order rate constants (k_obs, h⁻¹) for electrochemical dehalogenation at −2.0 V vs SHE [add electrode, cell, electrolyte and pH], plotted against descriptors computed at B3LYP/6-311++G(d), SMD (water). Filled gray circles are published bromobenzene data, open circles are new chlorobenzene data and gray squares are published PBDE data. Error bars are ±1 standard error of k_obs propagated to ln k_obs (no standard errors are available for the chlorobenzenes). The dotted line is the least-squares fit to the bromobenzenes (R² = 0.68, n = 7). The other compounds are predicted by that fit. Compounds are labelled by shorthand. Fit line, slope, intercept and R² are Excel formulas (SLOPE, INTERCEPT, RSQ) over the bromobenzene cells beside the chart.

Sheet B3SMD 16 BDE
A1: min_BDE_kcal | B1: published bromobenzene data | C1: label | D1: y error | G1: min_BDE_kcal | H1: new chlorobenzene data | I1: label | K1: min_BDE_kcal | L1: published PBDE data | M1: label | N1: y error | P1: fit x | Q1: fit: published bromobenzene data
A2: 74.26 | B2: -6.2146 | C2: MonoBr | D2: 0.105 | G2: 83.47 | H2: 1.5559 | I2: HexaCl | K2: 71.69 | L2: -2.551 | M2: BDE-47 | N2: 0.2308 | P2: =MIN($A$2:$A$8) | Q2: =$Q$6+$Q$5*P2
A3: 74.2 | B3: -4.4228 | C3: 1,4-DiBr | D3: 0.1167 | G3: 83.68 | H3: -1.6198 | I3: PentaCl | K3: 71.04 | L3: -0.7985 | M3: BDE-99 | N3: 0.1511 | P3: =MAX($A$2:$A$8) | Q3: =$Q$6+$Q$5*P3
A4: 73.29 | B4: -3.4143 | C4: 1,3-DiBr | D4: 0.0942 | G4: 86.94 | H4: -1.22 | I4: 1,2,4,5-TetraCl
A5: 70.72 | B5: -0.5978 | C5: 1,2,4-TriBr | D5: 0.1491 | G5: 87.27 | H5: -3.15 | I5: 1,2-DiCl | P5: slope | Q5: =SLOPE($B$2:$B$8,$A$2:$A$8)
A6: 72.41 | B6: -0.1054 | C6: 1,3,5-TriBr | D6: 0.1667 | G6: 89.16 | H6: -7.0073 | I6: 1,4-DiCl | P6: intercept | Q6: =INTERCEPT($B$2:$B$8,$A$2:$A$8)
A7: 70.98 | B7: 0.9163 | C7: 1,2,4,5-TetrBr | D7: 0.112 | P7: R2 | Q7: =RSQ($B$2:$B$8,$A$2:$A$8)
A8: 64.16 | B8: 2.3026 | C8: HexaBr | D8: 0.13
S17: Natural logarithm of the observed pseudo-first-order rate constants (k_obs, h⁻¹) for electrochemical dehalogenation at −2.0 V vs SHE [add electrode, cell, electrolyte and pH], plotted against descriptors computed at B3LYP/6-311++G(d), SMD (water). Filled gray circles are published bromobenzene data, open circles are new chlorobenzene data and gray squares are published PBDE data. Error bars are ±1 standard error of k_obs propagated to ln k_obs (no standard errors are available for the chlorobenzenes). The dotted line is the least-squares fit to the bromobenzenes (R² = 0.67, n = 7). The other compounds are predicted by that fit. Compounds are labelled by shorthand. Fit line, slope, intercept and R² are Excel formulas (SLOPE, INTERCEPT, RSQ) over the bromobenzene cells beside the chart.

Sheet B3SMD 17 dr_CX_RA
A1: max_dr_CX_RA_A | B1: published bromobenzene data | C1: label | D1: y error | G1: max_dr_CX_RA_A | H1: new chlorobenzene data | I1: label | K1: max_dr_CX_RA_A | L1: published PBDE data | M1: label | N1: y error | P1: fit x | Q1: fit: published bromobenzene data
A2: 1.34 | B2: -6.2146 | C2: MonoBr | D2: 0.105 | G2: 0.7995 | H2: 1.5559 | I2: HexaCl | K2: 0.0034 | L2: -2.551 | M2: BDE-47 | N2: 0.2308 | P2: =MIN($A$2:$A$8) | Q2: =$Q$6+$Q$5*P2
A3: 0.0095 | B3: -4.4228 | C3: 1,4-DiBr | D3: 0.1167 | G3: 0.8373 | H3: -1.6198 | I3: PentaCl | P3: =MAX($A$2:$A$8) | Q3: =$Q$6+$Q$5*P3
A4: 0.018 | B4: -3.4143 | C4: 1,3-DiBr | D4: 0.0942 | G4: 0.024 | H4: -1.22 | I4: 1,2,4,5-TetraCl
A5: 0.84 | B5: -0.5978 | C5: 1,2,4-TriBr | D5: 0.1491 | G5: 5.221 | H5: -3.15 | I5: 1,2-DiCl | P5: slope | Q5: =SLOPE($B$2:$B$8,$A$2:$A$8)
A6: 0.0219 | B6: -0.1054 | C6: 1,3,5-TriBr | D6: 0.1667 | G6: 0.0391 | H6: -7.0073 | I6: 1,4-DiCl | P6: intercept | Q6: =INTERCEPT($B$2:$B$8,$A$2:$A$8)
A7: 0.0097 | B7: 0.9163 | C7: 1,2,4,5-TetrBr | D7: 0.112 | P7: R2 | Q7: =RSQ($B$2:$B$8,$A$2:$A$8)
A8: 0.0832 | B8: 2.3026 | C8: HexaBr | D8: 0.13
S17: Natural logarithm of the observed pseudo-first-order rate constants (k_obs, h⁻¹) for electrochemical dehalogenation at −2.0 V vs SHE [add electrode, cell, electrolyte and pH], plotted against descriptors computed at B3LYP/6-311++G(d), SMD (water). Filled gray circles are published bromobenzene data, open circles are new chlorobenzene data and gray squares are published PBDE data. Error bars are ±1 standard error of k_obs propagated to ln k_obs (no standard errors are available for the chlorobenzenes). The dotted line is the least-squares fit to the bromobenzenes (R² = 0.24, n = 7). The other compounds are predicted by that fit. Compounds are labelled by shorthand. Fit line, slope, intercept and R² are Excel formulas (SLOPE, INTERCEPT, RSQ) over the bromobenzene cells beside the chart.

Sheet B3SMD 18 fplus_CX
A1: max_fplus_CX | B1: published bromobenzene data | C1: label | D1: y error | G1: max_fplus_CX | H1: new chlorobenzene data | I1: label | K1: max_fplus_CX | L1: published PBDE data | M1: label | N1: y error | P1: fit x | Q1: fit: published bromobenzene data
A2: 0.1124 | B2: -6.2146 | C2: MonoBr | D2: 0.105 | G2: 0.2295 | H2: 1.5559 | I2: HexaCl | K2: 0.0946 | L2: -2.551 | M2: BDE-47 | N2: 0.2308 | P2: =MIN($A$2:$A$8) | Q2: =$Q$6+$Q$5*P2
A3: 0.1192 | B3: -4.4228 | C3: 1,4-DiBr | D3: 0.1167 | G3: 0.2265 | H3: -1.6198 | I3: PentaCl | K3: 0.1357 | L3: -0.7985 | M3: BDE-99 | N3: 0.1511 | P3: =MAX($A$2:$A$8) | Q3: =$Q$6+$Q$5*P3
A4: 0.1533 | B4: -3.4143 | C4: 1,3-DiBr | D4: 0.0942 | G4: 0.1388 | H4: -1.22 | I4: 1,2,4,5-TetraCl
A5: 0.3598 | B5: -0.5978 | C5: 1,2,4-TriBr | D5: 0.1491 | G5: 0.1334 | H5: -3.15 | I5: 1,2-DiCl | P5: slope | Q5: =SLOPE($B$2:$B$8,$A$2:$A$8)
A6: 0.126 | B6: -0.1054 | C6: 1,3,5-TriBr | D6: 0.1667 | G6: 0.1166 | H6: -7.0073 | I6: 1,4-DiCl | P6: intercept | Q6: =INTERCEPT($B$2:$B$8,$A$2:$A$8)
A7: 0.2063 | B7: 0.9163 | C7: 1,2,4,5-TetrBr | D7: 0.112 | P7: R2 | Q7: =RSQ($B$2:$B$8,$A$2:$A$8)
A8: 0.1667 | B8: 2.3026 | C8: HexaBr | D8: 0.13
S17: Natural logarithm of the observed pseudo-first-order rate constants (k_obs, h⁻¹) for electrochemical dehalogenation at −2.0 V vs SHE [add electrode, cell, electrolyte and pH], plotted against descriptors computed at B3LYP/6-311++G(d), SMD (water). Filled gray circles are published bromobenzene data, open circles are new chlorobenzene data and gray squares are published PBDE data. Error bars are ±1 standard error of k_obs propagated to ln k_obs (no standard errors are available for the chlorobenzenes). The dotted line is the least-squares fit to the bromobenzenes (R² = 0.16, n = 7). The other compounds are predicted by that fit. Compounds are labelled by shorthand. Fit line, slope, intercept and R² are Excel formulas (SLOPE, INTERCEPT, RSQ) over the bromobenzene cells beside the chart.

Sheet M6gas 01 dG rad_red
A1: min_dG_rad_red_kcal | B1: published bromobenzene data | C1: label | D1: y error | G1: min_dG_rad_red_kcal | H1: new chlorobenzene data | I1: label | K1: min_dG_rad_red_kcal | L1: published PBDE data | M1: label | N1: y error | P1: fit x | Q1: fit: published bromobenzene data
A2: -23.72 | B2: -6.2146 | C2: MonoBr | D2: 0.105 | G2: -70.69 | H2: 1.5559 | I2: HexaCl | K2: -60 | L2: -2.551 | M2: BDE-47 | N2: 0.2308 | P2: =MIN($A$2:$A$8) | Q2: =$Q$6+$Q$5*P2
A3: -33.53 | B3: -4.4228 | C3: 1,4-DiBr | D3: 0.1167 | G3: -67.14 | H3: -1.6198 | I3: PentaCl | K3: -70.03 | L3: -0.7985 | M3: BDE-99 | N3: 0.1511 | P3: =MAX($A$2:$A$8) | Q3: =$Q$6+$Q$5*P3
A4: -35.4 | B4: -3.4143 | C4: 1,3-DiBr | D4: 0.0942 | G4: -54.67 | H4: -1.22 | I4: 1,2,4,5-TetraCl
A5: -51.53 | B5: -0.5978 | C5: 1,2,4-TriBr | D5: 0.1491 | G5: -40.16 | H5: -3.15 | I5: 1,2-DiCl | P5: slope | Q5: =SLOPE($B$2:$B$8,$A$2:$A$8)
A6: -45.93 | B6: -0.1054 | C6: 1,3,5-TriBr | D6: 0.1667 | G6: -32.43 | H6: -7.0073 | I6: 1,4-DiCl | P6: intercept | Q6: =INTERCEPT($B$2:$B$8,$A$2:$A$8)
A7: -56.88 | B7: 0.9163 | C7: 1,2,4,5-TetrBr | D7: 0.112 | P7: R2 | Q7: =RSQ($B$2:$B$8,$A$2:$A$8)
A8: -71.11 | B8: 2.3026 | C8: HexaBr | D8: 0.13
S17: Natural logarithm of the observed pseudo-first-order rate constants (k_obs, h⁻¹) for electrochemical dehalogenation at −2.0 V vs SHE [add electrode, cell, electrolyte and pH], plotted against descriptors computed at M06-2X/6-311++G(d), gas phase. Filled gray circles are published bromobenzene data, open circles are new chlorobenzene data and gray squares are published PBDE data. Error bars are ±1 standard error of k_obs propagated to ln k_obs (no standard errors are available for the chlorobenzenes). The dotted line is the least-squares fit to the bromobenzenes (R² = 0.94, n = 7). The other compounds are predicted by that fit. Compounds are labelled by shorthand. Fit line, slope, intercept and R² are Excel formulas (SLOPE, INTERCEPT, RSQ) over the bromobenzene cells beside the chart.

Sheet M6gas 02 dG RA_2e_any
A1: min_dG_RA_2e_any_kcal | B1: published bromobenzene data | C1: label | D1: y error | G1: min_dG_RA_2e_any_kcal | H1: new chlorobenzene data | I1: label | K1: min_dG_RA_2e_any_kcal | L1: published PBDE data | M1: label | N1: y error | P1: fit x | Q1: fit: published bromobenzene data
A2: -23.77 | B2: -6.2146 | C2: MonoBr | D2: 0.105 | G2: -48.33 | H2: 1.5559 | I2: HexaCl | K2: -46.03 | L2: -2.551 | M2: BDE-47 | N2: 0.2308 | P2: =MIN($A$2:$A$8) | Q2: =$Q$6+$Q$5*P2
A3: -28.78 | B3: -4.4228 | C3: 1,4-DiBr | D3: 0.1167 | G3: -47.89 | H3: -1.6198 | I3: PentaCl | K3: -54.93 | L3: -0.7985 | M3: BDE-99 | N3: 0.1511 | P3: =MAX($A$2:$A$8) | Q3: =$Q$6+$Q$5*P3
A4: -30.49 | B4: -3.4143 | C4: 1,3-DiBr | D4: 0.0942 | G4: -45.58 | H4: -1.22 | I4: 1,2,4,5-TetraCl
A5: -40.76 | B5: -0.5978 | C5: 1,2,4-TriBr | D5: 0.1491 | G5: -35.01 | H5: -3.15 | I5: 1,2-DiCl | P5: slope | Q5: =SLOPE($B$2:$B$8,$A$2:$A$8)
A6: -35.26 | B6: -0.1054 | C6: 1,3,5-TriBr | D6: 0.1667 | G6: -37.41 | H6: -7.0073 | I6: 1,4-DiCl | P6: intercept | Q6: =INTERCEPT($B$2:$B$8,$A$2:$A$8)
A7: -42.46 | B7: 0.9163 | C7: 1,2,4,5-TetrBr | D7: 0.112 | P7: R2 | Q7: =RSQ($B$2:$B$8,$A$2:$A$8)
A8: -48.51 | B8: 2.3026 | C8: HexaBr | D8: 0.13
S17: Natural logarithm of the observed pseudo-first-order rate constants (k_obs, h⁻¹) for electrochemical dehalogenation at −2.0 V vs SHE [add electrode, cell, electrolyte and pH], plotted against descriptors computed at M06-2X/6-311++G(d), gas phase. Filled gray circles are published bromobenzene data, open circles are new chlorobenzene data and gray squares are published PBDE data. Error bars are ±1 standard error of k_obs propagated to ln k_obs (no standard errors are available for the chlorobenzenes). The dotted line is the least-squares fit to the bromobenzenes (R² = 0.93, n = 7). The other compounds are predicted by that fit. Compounds are labelled by shorthand. Fit line, slope, intercept and R² are Excel formulas (SLOPE, INTERCEPT, RSQ) over the bromobenzene cells beside the chart.

Sheet M6gas 03 dG frag_any
A1: min_dG_frag_any_kcal | B1: published bromobenzene data | C1: label | D1: y error | G1: min_dG_frag_any_kcal | H1: new chlorobenzene data | I1: label | K1: min_dG_frag_any_kcal | L1: published PBDE data | M1: label | N1: y error | P1: fit x | Q1: fit: published bromobenzene data
A2: -0.05 | B2: -6.2146 | C2: MonoBr | D2: 0.105 | G2: 22.36 | H2: 1.5559 | I2: HexaCl | K2: 13.97 | L2: -2.551 | M2: BDE-47 | N2: 0.2308 | P2: =MIN($A$2:$A$8) | Q2: =$Q$6+$Q$5*P2
A3: 4.75 | B3: -4.4228 | C3: 1,4-DiBr | D3: 0.1167 | G3: 19.25 | H3: -1.6198 | I3: PentaCl | K3: 14.49 | L3: -0.7985 | M3: BDE-99 | N3: 0.1511 | P3: =MAX($A$2:$A$8) | Q3: =$Q$6+$Q$5*P3
A4: 4.91 | B4: -3.4143 | C4: 1,3-DiBr | D4: 0.0942 | G4: 9.08 | H4: -1.22 | I4: 1,2,4,5-TetraCl
A5: 10.77 | B5: -0.5978 | C5: 1,2,4-TriBr | D5: 0.1491 | G5: 5.15 | H5: -3.15 | I5: 1,2-DiCl | P5: slope | Q5: =SLOPE($B$2:$B$8,$A$2:$A$8)
A6: 10.67 | B6: -0.1054 | C6: 1,3,5-TriBr | D6: 0.1667 | G6: -4.97 | H6: -7.0073 | I6: 1,4-DiCl | P6: intercept | Q6: =INTERCEPT($B$2:$B$8,$A$2:$A$8)
A7: 14.43 | B7: 0.9163 | C7: 1,2,4,5-TetrBr | D7: 0.112 | P7: R2 | Q7: =RSQ($B$2:$B$8,$A$2:$A$8)
A8: 22.6 | B8: 2.3026 | C8: HexaBr | D8: 0.13
S17: Natural logarithm of the observed pseudo-first-order rate constants (k_obs, h⁻¹) for electrochemical dehalogenation at −2.0 V vs SHE [add electrode, cell, electrolyte and pH], plotted against descriptors computed at M06-2X/6-311++G(d), gas phase. Filled gray circles are published bromobenzene data, open circles are new chlorobenzene data and gray squares are published PBDE data. Error bars are ±1 standard error of k_obs propagated to ln k_obs (no standard errors are available for the chlorobenzenes). The dotted line is the least-squares fit to the bromobenzenes (R² = 0.92, n = 7). The other compounds are predicted by that fit. Compounds are labelled by shorthand. Fit line, slope, intercept and R² are Excel formulas (SLOPE, INTERCEPT, RSQ) over the bromobenzene cells beside the chart.

Sheet M6gas 04 dG 2e_carbanion
A1: min_dG_2e_carbanion_kcal | B1: published bromobenzene data | C1: label | D1: y error | G1: min_dG_2e_carbanion_kcal | H1: new chlorobenzene data | I1: label | K1: min_dG_2e_carbanion_kcal | L1: published PBDE data | M1: label | N1: y error | P1: fit x | Q1: fit: published bromobenzene data
A2: -31.81 | B2: -6.2146 | C2: MonoBr | D2: 0.105 | G2: -73.47 | H2: 1.5559 | I2: HexaCl | K2: -69.77 | L2: -2.551 | M2: BDE-47 | N2: 0.2308 | P2: =MIN($A$2:$A$8) | Q2: =$Q$6+$Q$5*P2
A3: -42.18 | B3: -4.4228 | C3: 1,4-DiBr | D3: 0.1167 | G3: -68.67 | H3: -1.6198 | I3: PentaCl | K3: -79.58 | L3: -0.7985 | M3: BDE-99 | N3: 0.1511 | P3: =MAX($A$2:$A$8) | Q3: =$Q$6+$Q$5*P3
A4: -44.74 | B4: -3.4143 | C4: 1,3-DiBr | D4: 0.0942 | G4: -54.94 | H4: -1.22 | I4: 1,2,4,5-TetraCl
A5: -62.05 | B5: -0.5978 | C5: 1,2,4-TriBr | D5: 0.1491 | G5: -39.66 | H5: -3.15 | I5: 1,2-DiCl | P5: slope | Q5: =SLOPE($B$2:$B$8,$A$2:$A$8)
A6: -56.2 | B6: -0.1054 | C6: 1,3,5-TriBr | D6: 0.1667 | G6: -30.91 | H6: -7.0073 | I6: 1,4-DiCl | P6: intercept | Q6: =INTERCEPT($B$2:$B$8,$A$2:$A$8)
A7: -68.02 | B7: 0.9163 | C7: 1,2,4,5-TetrBr | D7: 0.112 | P7: R2 | Q7: =RSQ($B$2:$B$8,$A$2:$A$8)
A8: -88.01 | B8: 2.3026 | C8: HexaBr | D8: 0.13
S17: Natural logarithm of the observed pseudo-first-order rate constants (k_obs, h⁻¹) for electrochemical dehalogenation at −2.0 V vs SHE [add electrode, cell, electrolyte and pH], plotted against descriptors computed at M06-2X/6-311++G(d), gas phase. Filled gray circles are published bromobenzene data, open circles are new chlorobenzene data and gray squares are published PBDE data. Error bars are ±1 standard error of k_obs propagated to ln k_obs (no standard errors are available for the chlorobenzenes). The dotted line is the least-squares fit to the bromobenzenes (R² = 0.92, n = 7). The other compounds are predicted by that fit. Compounds are labelled by shorthand. Fit line, slope, intercept and R² are Excel formulas (SLOPE, INTERCEPT, RSQ) over the bromobenzene cells beside the chart.

Sheet M6gas 05 dG ET_any
A1: dG_ET_any_kcal | B1: published bromobenzene data | C1: label | D1: y error | G1: dG_ET_any_kcal | H1: new chlorobenzene data | I1: label | K1: dG_ET_any_kcal | L1: published PBDE data | M1: label | N1: y error | P1: fit x | Q1: fit: published bromobenzene data
A2: -8.04 | B2: -6.2146 | C2: MonoBr | D2: 0.105 | G2: -25.14 | H2: 1.5559 | I2: HexaCl | K2: -23.73 | L2: -2.551 | M2: BDE-47 | N2: 0.2308 | P2: =MIN($A$2:$A$8) | Q2: =$Q$6+$Q$5*P2
A3: -13.4 | B3: -4.4228 | C3: 1,4-DiBr | D3: 0.1167 | G3: -20.78 | H3: -1.6198 | I3: PentaCl | K3: -24.65 | L3: -0.7985 | M3: BDE-99 | N3: 0.1511 | P3: =MAX($A$2:$A$8) | Q3: =$Q$6+$Q$5*P3
A4: -14.25 | B4: -3.4143 | C4: 1,3-DiBr | D4: 0.0942 | G4: -9.35 | H4: -1.22 | I4: 1,2,4,5-TetraCl
A5: -21.29 | B5: -0.5978 | C5: 1,2,4-TriBr | D5: 0.1491 | G5: -4.66 | H5: -3.15 | I5: 1,2-DiCl | P5: slope | Q5: =SLOPE($B$2:$B$8,$A$2:$A$8)
A6: -20.94 | B6: -0.1054 | C6: 1,3,5-TriBr | D6: 0.1667 | G6: 6.5 | H6: -7.0073 | I6: 1,4-DiCl | P6: intercept | Q6: =INTERCEPT($B$2:$B$8,$A$2:$A$8)
A7: -25.56 | B7: 0.9163 | C7: 1,2,4,5-TetrBr | D7: 0.112 | P7: R2 | Q7: =RSQ($B$2:$B$8,$A$2:$A$8)
A8: -39.5 | B8: 2.3026 | C8: HexaBr | D8: 0.13
S17: Natural logarithm of the observed pseudo-first-order rate constants (k_obs, h⁻¹) for electrochemical dehalogenation at −2.0 V vs SHE [add electrode, cell, electrolyte and pH], plotted against descriptors computed at M06-2X/6-311++G(d), gas phase. Filled gray circles are published bromobenzene data, open circles are new chlorobenzene data and gray squares are published PBDE data. Error bars are ±1 standard error of k_obs propagated to ln k_obs (no standard errors are available for the chlorobenzenes). The dotted line is the least-squares fit to the bromobenzenes (R² = 0.87, n = 7). The other compounds are predicted by that fit. Compounds are labelled by shorthand. Fit line, slope, intercept and R² are Excel formulas (SLOPE, INTERCEPT, RSQ) over the bromobenzene cells beside the chart.

Sheet M6gas 06 n_X
A1: n_X | B1: published bromobenzene data | C1: label | D1: y error | G1: n_X | H1: new chlorobenzene data | I1: label | K1: n_X | L1: published PBDE data | M1: label | N1: y error | P1: fit x | Q1: fit: published bromobenzene data
A2: 1 | B2: -6.2146 | C2: MonoBr | D2: 0.105 | G2: 6 | H2: 1.5559 | I2: HexaCl | K2: 4 | L2: -2.551 | M2: BDE-47 | N2: 0.2308 | P2: =MIN($A$2:$A$8) | Q2: =$Q$6+$Q$5*P2
A3: 2 | B3: -4.4228 | C3: 1,4-DiBr | D3: 0.1167 | G3: 5 | H3: -1.6198 | I3: PentaCl | K3: 5 | L3: -0.7985 | M3: BDE-99 | N3: 0.1511 | P3: =MAX($A$2:$A$8) | Q3: =$Q$6+$Q$5*P3
A4: 2 | B4: -3.4143 | C4: 1,3-DiBr | D4: 0.0942 | G4: 4 | H4: -1.22 | I4: 1,2,4,5-TetraCl
A5: 3 | B5: -0.5978 | C5: 1,2,4-TriBr | D5: 0.1491 | G5: 2 | H5: -3.15 | I5: 1,2-DiCl | P5: slope | Q5: =SLOPE($B$2:$B$8,$A$2:$A$8)
A6: 3 | B6: -0.1054 | C6: 1,3,5-TriBr | D6: 0.1667 | G6: 2 | H6: -7.0073 | I6: 1,4-DiCl | P6: intercept | Q6: =INTERCEPT($B$2:$B$8,$A$2:$A$8)
A7: 4 | B7: 0.9163 | C7: 1,2,4,5-TetrBr | D7: 0.112 | P7: R2 | Q7: =RSQ($B$2:$B$8,$A$2:$A$8)
A8: 6 | B8: 2.3026 | C8: HexaBr | D8: 0.13
S17: Natural logarithm of the observed pseudo-first-order rate constants (k_obs, h⁻¹) for electrochemical dehalogenation at −2.0 V vs SHE [add electrode, cell, electrolyte and pH], plotted against descriptors computed at M06-2X/6-311++G(d), gas phase. Filled gray circles are published bromobenzene data, open circles are new chlorobenzene data and gray squares are published PBDE data. Error bars are ±1 standard error of k_obs propagated to ln k_obs (no standard errors are available for the chlorobenzenes). The dotted line is the least-squares fit to the bromobenzenes (R² = 0.86, n = 7). The other compounds are predicted by that fit. Compounds are labelled by shorthand. Fit line, slope, intercept and R² are Excel formulas (SLOPE, INTERCEPT, RSQ) over the bromobenzene cells beside the chart.

Sheet M6gas 07 wiberg_CX_parent
A1: min_wiberg_CX_parent | B1: published bromobenzene data | C1: label | D1: y error | G1: min_wiberg_CX_parent | H1: new chlorobenzene data | I1: label | K1: min_wiberg_CX_parent | L1: published PBDE data | M1: label | N1: y error | P1: fit x | Q1: fit: published bromobenzene data
A2: 1.041 | B2: -6.2146 | C2: MonoBr | D2: 0.105 | G2: 1.0898 | H2: 1.5559 | I2: HexaCl | K2: 1.043 | L2: -2.551 | M2: BDE-47 | N2: 0.2308 | P2: =MIN($A$2:$A$8) | Q2: =$Q$6+$Q$5*P2
A3: 1.0456 | B3: -4.4228 | C3: 1,4-DiBr | D3: 0.1167 | G3: 1.08 | H3: -1.6198 | I3: PentaCl | K3: 1.0492 | L3: -0.7985 | M3: BDE-99 | N3: 0.1511 | P3: =MAX($A$2:$A$8) | Q3: =$Q$6+$Q$5*P3
A4: 1.0467 | B4: -3.4143 | C4: 1,3-DiBr | D4: 0.0942 | G4: 1.0771 | H4: -1.22 | I4: 1,2,4,5-TetraCl
A5: 1.0499 | B5: -0.5978 | C5: 1,2,4-TriBr | D5: 0.1491 | G5: 1.0691 | H5: -3.15 | I5: 1,2-DiCl | P5: slope | Q5: =SLOPE($B$2:$B$8,$A$2:$A$8)
A6: 1.0515 | B6: -0.1054 | C6: 1,3,5-TriBr | D6: 0.1667 | G6: 1.0586 | H6: -7.0073 | I6: 1,4-DiCl | P6: intercept | Q6: =INTERCEPT($B$2:$B$8,$A$2:$A$8)
A7: 1.0586 | B7: 0.9163 | C7: 1,2,4,5-TetrBr | D7: 0.112 | P7: R2 | Q7: =RSQ($B$2:$B$8,$A$2:$A$8)
A8: 1.0669 | B8: 2.3026 | C8: HexaBr | D8: 0.13
S17: Natural logarithm of the observed pseudo-first-order rate constants (k_obs, h⁻¹) for electrochemical dehalogenation at −2.0 V vs SHE [add electrode, cell, electrolyte and pH], plotted against descriptors computed at M06-2X/6-311++G(d), gas phase. Filled gray circles are published bromobenzene data, open circles are new chlorobenzene data and gray squares are published PBDE data. Error bars are ±1 standard error of k_obs propagated to ln k_obs (no standard errors are available for the chlorobenzenes). The dotted line is the least-squares fit to the bromobenzenes (R² = 0.86, n = 7). The other compounds are predicted by that fit. Compounds are labelled by shorthand. Fit line, slope, intercept and R² are Excel formulas (SLOPE, INTERCEPT, RSQ) over the bromobenzene cells beside the chart.

Sheet M6gas 08 VEA
A1: VEA_eV | B1: published bromobenzene data | C1: label | D1: y error | G1: VEA_eV | H1: new chlorobenzene data | I1: label | K1: VEA_eV | L1: published PBDE data | M1: label | N1: y error | P1: fit x | Q1: fit: published bromobenzene data
A2: -0.76 | B2: -6.2146 | C2: MonoBr | D2: 0.105 | G2: 0.242 | H2: 1.5559 | I2: HexaCl | K2: 0.042 | L2: -2.551 | M2: BDE-47 | N2: 0.2308 | P2: =MIN($A$2:$A$8) | Q2: =$Q$6+$Q$5*P2
A3: -1.072 | B3: -4.4228 | C3: 1,4-DiBr | D3: 0.1167 | G3: 0.081 | H3: -1.6198 | I3: PentaCl | K3: 0.192 | L3: -0.7985 | M3: BDE-99 | N3: 0.1511 | P3: =MAX($A$2:$A$8) | Q3: =$Q$6+$Q$5*P3
A4: -0.638 | B4: -3.4143 | C4: 1,3-DiBr | D4: 0.0942 | G4: -0.09 | H4: -1.22 | I4: 1,2,4,5-TetraCl
A5: -0.252 | B5: -0.5978 | C5: 1,2,4-TriBr | D5: 0.1491 | G5: -0.791 | H5: -3.15 | I5: 1,2-DiCl | P5: slope | Q5: =SLOPE($B$2:$B$8,$A$2:$A$8)
A6: -0.2 | B6: -0.1054 | C6: 1,3,5-TriBr | D6: 0.1667 | G6: -0.72 | H6: -7.0073 | I6: 1,4-DiCl | P6: intercept | Q6: =INTERCEPT($B$2:$B$8,$A$2:$A$8)
A7: 0.056 | B7: 0.9163 | C7: 1,2,4,5-TetrBr | D7: 0.112 | P7: R2 | Q7: =RSQ($B$2:$B$8,$A$2:$A$8)
A8: 0.876 | B8: 2.3026 | C8: HexaBr | D8: 0.13
S17: Natural logarithm of the observed pseudo-first-order rate constants (k_obs, h⁻¹) for electrochemical dehalogenation at −2.0 V vs SHE [add electrode, cell, electrolyte and pH], plotted against descriptors computed at M06-2X/6-311++G(d), gas phase. Filled gray circles are published bromobenzene data, open circles are new chlorobenzene data and gray squares are published PBDE data. Error bars are ±1 standard error of k_obs propagated to ln k_obs (no standard errors are available for the chlorobenzenes). The dotted line is the least-squares fit to the bromobenzenes (R² = 0.80, n = 7). The other compounds are predicted by that fit. Compounds are labelled by shorthand. Fit line, slope, intercept and R² are Excel formulas (SLOPE, INTERCEPT, RSQ) over the bromobenzene cells beside the chart.

Sheet M6gas 09 dG 2e_HDH
A1: min_dG_2e_HDH_kcal | B1: published bromobenzene data | C1: label | D1: y error | G1: min_dG_2e_HDH_kcal | H1: new chlorobenzene data | I1: label | K1: min_dG_2e_HDH_kcal | L1: published PBDE data | M1: label | N1: y error | P1: fit x | Q1: fit: published bromobenzene data
A2: -420.73 | B2: -6.2146 | C2: MonoBr | D2: 0.105 | G2: -419.86 | H2: 1.5559 | I2: HexaCl | K2: -424.42 | L2: -2.551 | M2: BDE-47 | N2: 0.2308 | P2: =MIN($A$2:$A$8) | Q2: =$Q$6+$Q$5*P2
A3: -423.09 | B3: -4.4228 | C3: 1,4-DiBr | D3: 0.1167 | G3: -417.97 | H3: -1.6198 | I3: PentaCl | K3: -425.59 | L3: -0.7985 | M3: BDE-99 | N3: 0.1511 | P3: =MAX($A$2:$A$8) | Q3: =$Q$6+$Q$5*P3
A4: -422.85 | B4: -3.4143 | C4: 1,3-DiBr | D4: 0.0942 | G4: -416.53 | H4: -1.22 | I4: 1,2,4,5-TetraCl
A5: -425.07 | B5: -0.5978 | C5: 1,2,4-TriBr | D5: 0.1491 | G5: -414.55 | H5: -3.15 | I5: 1,2-DiCl | P5: slope | Q5: =SLOPE($B$2:$B$8,$A$2:$A$8)
A6: -424.28 | B6: -0.1054 | C6: 1,3,5-TriBr | D6: 0.1667 | G6: -413.02 | H6: -7.0073 | I6: 1,4-DiCl | P6: intercept | Q6: =INTERCEPT($B$2:$B$8,$A$2:$A$8)
A7: -426.76 | B7: 0.9163 | C7: 1,2,4,5-TetrBr | D7: 0.112 | P7: R2 | Q7: =RSQ($B$2:$B$8,$A$2:$A$8)
A8: -432.03 | B8: 2.3026 | C8: HexaBr | D8: 0.13
S17: Natural logarithm of the observed pseudo-first-order rate constants (k_obs, h⁻¹) for electrochemical dehalogenation at −2.0 V vs SHE [add electrode, cell, electrolyte and pH], plotted against descriptors computed at M06-2X/6-311++G(d), gas phase. Filled gray circles are published bromobenzene data, open circles are new chlorobenzene data and gray squares are published PBDE data. Error bars are ±1 standard error of k_obs propagated to ln k_obs (no standard errors are available for the chlorobenzenes). The dotted line is the least-squares fit to the bromobenzenes (R² = 0.79, n = 7). The other compounds are predicted by that fit. Compounds are labelled by shorthand. Fit line, slope, intercept and R² are Excel formulas (SLOPE, INTERCEPT, RSQ) over the bromobenzene cells beside the chart.

Sheet M6gas 10 omega_dSCF
A1: omega_dSCF_eV | B1: published bromobenzene data | C1: label | D1: y error | G1: omega_dSCF_eV | H1: new chlorobenzene data | I1: label | K1: omega_dSCF_eV | L1: published PBDE data | M1: label | N1: y error | P1: fit x | Q1: fit: published bromobenzene data
A2: 0.898 | B2: -6.2146 | C2: MonoBr | D2: 0.105 | G2: 1.288 | H2: 1.5559 | I2: HexaCl | K2: 1.098 | L2: -2.551 | M2: BDE-47 | N2: 0.2308 | P2: =MIN($A$2:$A$8) | Q2: =$Q$6+$Q$5*P2
A3: 0.791 | B3: -4.4228 | C3: 1,4-DiBr | D3: 0.1167 | G3: 1.212 | H3: -1.6198 | I3: PentaCl | K3: 1.162 | L3: -0.7985 | M3: BDE-99 | N3: 0.1511 | P3: =MAX($A$2:$A$8) | Q3: =$Q$6+$Q$5*P3
A4: 0.942 | B4: -3.4143 | C4: 1,3-DiBr | D4: 0.0942 | G4: 1.135 | H4: -1.22 | I4: 1,2,4,5-TetraCl
A5: 1.054 | B5: -0.5978 | C5: 1,2,4-TriBr | D5: 0.1491 | G5: 0.905 | H5: -3.15 | I5: 1,2-DiCl | P5: slope | Q5: =SLOPE($B$2:$B$8,$A$2:$A$8)
A6: 1.115 | B6: -0.1054 | C6: 1,3,5-TriBr | D6: 0.1667 | G6: 0.911 | H6: -7.0073 | I6: 1,4-DiCl | P6: intercept | Q6: =INTERCEPT($B$2:$B$8,$A$2:$A$8)
A7: 1.165 | B7: 0.9163 | C7: 1,2,4,5-TetrBr | D7: 0.112 | P7: R2 | Q7: =RSQ($B$2:$B$8,$A$2:$A$8)
A8: 1.534 | B8: 2.3026 | C8: HexaBr | D8: 0.13
S17: Natural logarithm of the observed pseudo-first-order rate constants (k_obs, h⁻¹) for electrochemical dehalogenation at −2.0 V vs SHE [add electrode, cell, electrolyte and pH], plotted against descriptors computed at M06-2X/6-311++G(d), gas phase. Filled gray circles are published bromobenzene data, open circles are new chlorobenzene data and gray squares are published PBDE data. Error bars are ±1 standard error of k_obs propagated to ln k_obs (no standard errors are available for the chlorobenzenes). The dotted line is the least-squares fit to the bromobenzenes (R² = 0.76, n = 7). The other compounds are predicted by that fit. Compounds are labelled by shorthand. Fit line, slope, intercept and R² are Excel formulas (SLOPE, INTERCEPT, RSQ) over the bromobenzene cells beside the chart.

Sheet M6gas 11 LUMO
A1: LUMO_eV | B1: published bromobenzene data | C1: label | D1: y error | G1: LUMO_eV | H1: new chlorobenzene data | I1: label | K1: LUMO_eV | L1: published PBDE data | M1: label | N1: y error | P1: fit x | Q1: fit: published bromobenzene data
A2: -0.11 | B2: -6.2146 | C2: MonoBr | D2: 0.105 | G2: -0.948 | H2: 1.5559 | I2: HexaCl | K2: -0.723 | L2: -2.551 | M2: BDE-47 | N2: 0.2308 | P2: =MIN($A$2:$A$8) | Q2: =$Q$6+$Q$5*P2
A3: -0.299 | B3: -4.4228 | C3: 1,4-DiBr | D3: 0.1167 | G3: -0.85 | H3: -1.6198 | I3: PentaCl | K3: -0.83 | L3: -0.7985 | M3: BDE-99 | N3: 0.1511 | P3: =MAX($A$2:$A$8) | Q3: =$Q$6+$Q$5*P3
A4: -0.273 | B4: -3.4143 | C4: 1,3-DiBr | D4: 0.0942 | G4: -0.745 | H4: -1.22 | I4: 1,2,4,5-TetraCl
A5: -0.546 | B5: -0.5978 | C5: 1,2,4-TriBr | D5: 0.1491 | G5: -0.158 | H5: -3.15 | I5: 1,2-DiCl | P5: slope | Q5: =SLOPE($B$2:$B$8,$A$2:$A$8)
A6: -0.587 | B6: -0.1054 | C6: 1,3,5-TriBr | D6: 0.1667 | G6: -0.236 | H6: -7.0073 | I6: 1,4-DiCl | P6: intercept | Q6: =INTERCEPT($B$2:$B$8,$A$2:$A$8)
A7: -0.794 | B7: 0.9163 | C7: 1,2,4,5-TetrBr | D7: 0.112 | P7: R2 | Q7: =RSQ($B$2:$B$8,$A$2:$A$8)
A8: -1.601 | B8: 2.3026 | C8: HexaBr | D8: 0.13
S17: Natural logarithm of the observed pseudo-first-order rate constants (k_obs, h⁻¹) for electrochemical dehalogenation at −2.0 V vs SHE [add electrode, cell, electrolyte and pH], plotted against descriptors computed at M06-2X/6-311++G(d), gas phase. Filled gray circles are published bromobenzene data, open circles are new chlorobenzene data and gray squares are published PBDE data. Error bars are ±1 standard error of k_obs propagated to ln k_obs (no standard errors are available for the chlorobenzenes). The dotted line is the least-squares fit to the bromobenzenes (R² = 0.76, n = 7). The other compounds are predicted by that fit. Compounds are labelled by shorthand. Fit line, slope, intercept and R² are Excel formulas (SLOPE, INTERCEPT, RSQ) over the bromobenzene cells beside the chart.

Sheet M6gas 12 dG 1e
A1: min_dG_1e_kcal | B1: published bromobenzene data | C1: label | D1: y error | G1: min_dG_1e_kcal | H1: new chlorobenzene data | I1: label | K1: min_dG_1e_kcal | L1: published PBDE data | M1: label | N1: y error | P1: fit x | Q1: fit: published bromobenzene data
A2: -8.09 | B2: -6.2146 | C2: MonoBr | D2: 0.105 | G2: -2.78 | H2: 1.5559 | I2: HexaCl | K2: -9.76 | L2: -2.551 | M2: BDE-47 | N2: 0.2308 | P2: =MIN($A$2:$A$8) | Q2: =$Q$6+$Q$5*P2
A3: -8.65 | B3: -4.4228 | C3: 1,4-DiBr | D3: 0.1167 | G3: -1.53 | H3: -1.6198 | I3: PentaCl | K3: -10.15 | L3: -0.7985 | M3: BDE-99 | N3: 0.1511 | P3: =MAX($A$2:$A$8) | Q3: =$Q$6+$Q$5*P3
A4: -9.35 | B4: -3.4143 | C4: 1,3-DiBr | D4: 0.0942 | G4: -0.27 | H4: -1.22 | I4: 1,2,4,5-TetraCl
A5: -10.52 | B5: -0.5978 | C5: 1,2,4-TriBr | D5: 0.1491 | G5: 0.5 | H5: -3.15 | I5: 1,2-DiCl | P5: slope | Q5: =SLOPE($B$2:$B$8,$A$2:$A$8)
A6: -10.28 | B6: -0.1054 | C6: 1,3,5-TriBr | D6: 0.1667 | G6: 1.52 | H6: -7.0073 | I6: 1,4-DiCl | P6: intercept | Q6: =INTERCEPT($B$2:$B$8,$A$2:$A$8)
A7: -11.14 | B7: 0.9163 | C7: 1,2,4,5-TetrBr | D7: 0.112 | P7: R2 | Q7: =RSQ($B$2:$B$8,$A$2:$A$8)
A8: -16.9 | B8: 2.3026 | C8: HexaBr | D8: 0.13
S17: Natural logarithm of the observed pseudo-first-order rate constants (k_obs, h⁻¹) for electrochemical dehalogenation at −2.0 V vs SHE [add electrode, cell, electrolyte and pH], plotted against descriptors computed at M06-2X/6-311++G(d), gas phase. Filled gray circles are published bromobenzene data, open circles are new chlorobenzene data and gray squares are published PBDE data. Error bars are ±1 standard error of k_obs propagated to ln k_obs (no standard errors are available for the chlorobenzenes). The dotted line is the least-squares fit to the bromobenzenes (R² = 0.68, n = 7). The other compounds are predicted by that fit. Compounds are labelled by shorthand. Fit line, slope, intercept and R² are Excel formulas (SLOPE, INTERCEPT, RSQ) over the bromobenzene cells beside the chart.

Sheet M6gas 13 BDE
A1: min_BDE_kcal | B1: published bromobenzene data | C1: label | D1: y error | G1: min_BDE_kcal | H1: new chlorobenzene data | I1: label | K1: min_BDE_kcal | L1: published PBDE data | M1: label | N1: y error | P1: fit x | Q1: fit: published bromobenzene data
A2: 77.11 | B2: -6.2146 | C2: MonoBr | D2: 0.105 | G2: 91.03 | H2: 1.5559 | I2: HexaCl | K2: 76.05 | L2: -2.551 | M2: BDE-47 | N2: 0.2308 | P2: =MIN($A$2:$A$8) | Q2: =$Q$6+$Q$5*P2
A3: 76.96 | B3: -4.4228 | C3: 1,4-DiBr | D3: 0.1167 | G3: 91.2 | H3: -1.6198 | I3: PentaCl | K3: 75.23 | L3: -0.7985 | M3: BDE-99 | N3: 0.1511 | P3: =MAX($A$2:$A$8) | Q3: =$Q$6+$Q$5*P3
A4: 76.32 | B4: -3.4143 | C4: 1,3-DiBr | D4: 0.0942 | G4: 93.13 | H4: -1.22 | I4: 1,2,4,5-TetraCl
A5: 74.89 | B5: -0.5978 | C5: 1,2,4-TriBr | D5: 0.1491 | G5: 93.47 | H5: -3.15 | I5: 1,2-DiCl | P5: slope | Q5: =SLOPE($B$2:$B$8,$A$2:$A$8)
A6: 75.65 | B6: -0.1054 | C6: 1,3,5-TriBr | D6: 0.1667 | G6: 94.37 | H6: -7.0073 | I6: 1,4-DiCl | P6: intercept | Q6: =INTERCEPT($B$2:$B$8,$A$2:$A$8)
A7: 75.1 | B7: 0.9163 | C7: 1,2,4,5-TetrBr | D7: 0.112 | P7: R2 | Q7: =RSQ($B$2:$B$8,$A$2:$A$8)
A8: 69.97 | B8: 2.3026 | C8: HexaBr | D8: 0.13
S17: Natural logarithm of the observed pseudo-first-order rate constants (k_obs, h⁻¹) for electrochemical dehalogenation at −2.0 V vs SHE [add electrode, cell, electrolyte and pH], plotted against descriptors computed at M06-2X/6-311++G(d), gas phase. Filled gray circles are published bromobenzene data, open circles are new chlorobenzene data and gray squares are published PBDE data. Error bars are ±1 standard error of k_obs propagated to ln k_obs (no standard errors are available for the chlorobenzenes). The dotted line is the least-squares fit to the bromobenzenes (R² = 0.64, n = 7). The other compounds are predicted by that fit. Compounds are labelled by shorthand. Fit line, slope, intercept and R² are Excel formulas (SLOPE, INTERCEPT, RSQ) over the bromobenzene cells beside the chart.

Sheet M6gas 14 LUMO_RA
A1: LUMO_RA_eV | B1: published bromobenzene data | C1: label | D1: y error | G1: LUMO_RA_eV | H1: new chlorobenzene data | I1: label | K1: LUMO_RA_eV | L1: published PBDE data | M1: label | N1: y error | P1: fit x | Q1: fit: published bromobenzene data
A2: 2.169 | B2: -6.2146 | C2: MonoBr | D2: 0.105 | G2: 2.1696 | H2: 1.5559 | I2: HexaCl | K2: 2.0662 | L2: -2.551 | M2: BDE-47 | N2: 0.2308 | P2: =MIN($A$2:$A$8) | Q2: =$Q$6+$Q$5*P2
A3: 2.427 | B3: -4.4228 | C3: 1,4-DiBr | D3: 0.1167 | G3: 2.1222 | H3: -1.6198 | I3: PentaCl | K3: 1.9143 | L3: -0.7985 | M3: BDE-99 | N3: 0.1511 | P3: =MAX($A$2:$A$8) | Q3: =$Q$6+$Q$5*P3
A4: 2.2403 | B4: -3.4143 | C4: 1,3-DiBr | D4: 0.0942 | G4: 3.0294 | H4: -1.22 | I4: 1,2,4,5-TetraCl
A5: 2.2202 | B5: -0.5978 | C5: 1,2,4-TriBr | D5: 0.1491 | G5: 2.233 | H5: -3.15 | I5: 1,2-DiCl | P5: slope | Q5: =SLOPE($B$2:$B$8,$A$2:$A$8)
A6: 2.1902 | B6: -0.1054 | C6: 1,3,5-TriBr | D6: 0.1667 | G6: 3.0384 | H6: -7.0073 | I6: 1,4-DiCl | P6: intercept | Q6: =INTERCEPT($B$2:$B$8,$A$2:$A$8)
A7: 2.0588 | B7: 0.9163 | C7: 1,2,4,5-TetrBr | D7: 0.112 | P7: R2 | Q7: =RSQ($B$2:$B$8,$A$2:$A$8)
A8: 1.3208 | B8: 2.3026 | C8: HexaBr | D8: 0.13
S17: Natural logarithm of the observed pseudo-first-order rate constants (k_obs, h⁻¹) for electrochemical dehalogenation at −2.0 V vs SHE [add electrode, cell, electrolyte and pH], plotted against descriptors computed at M06-2X/6-311++G(d), gas phase. Filled gray circles are published bromobenzene data, open circles are new chlorobenzene data and gray squares are published PBDE data. Error bars are ±1 standard error of k_obs propagated to ln k_obs (no standard errors are available for the chlorobenzenes). The dotted line is the least-squares fit to the bromobenzenes (R² = 0.44, n = 7). The other compounds are predicted by that fit. Compounds are labelled by shorthand. Fit line, slope, intercept and R² are Excel formulas (SLOPE, INTERCEPT, RSQ) over the bromobenzene cells beside the chart.

Sheet M6gas 15 dr_CX_RA
A1: max_dr_CX_RA_A | B1: published bromobenzene data | C1: label | D1: y error | G1: max_dr_CX_RA_A | H1: new chlorobenzene data | I1: label | K1: max_dr_CX_RA_A | L1: published PBDE data | M1: label | N1: y error | P1: fit x | Q1: fit: published bromobenzene data
A2: 1.0136 | B2: -6.2146 | C2: MonoBr | D2: 0.105 | G2: 0.0532 | H2: 1.5559 | I2: HexaCl | K2: 0.0103 | L2: -2.551 | M2: BDE-47 | N2: 0.2308 | P2: =MIN($A$2:$A$8) | Q2: =$Q$6+$Q$5*P2
A3: 0.0234 | B3: -4.4228 | C3: 1,4-DiBr | D3: 0.1167 | G3: 0.5429 | H3: -1.6198 | I3: PentaCl | K3: 0.7017 | L3: -0.7985 | M3: BDE-99 | N3: 0.1511 | P3: =MAX($A$2:$A$8) | Q3: =$Q$6+$Q$5*P3
A4: 0.0336 | B4: -3.4143 | C4: 1,3-DiBr | D4: 0.0942 | G4: 0.0483 | H4: -1.22 | I4: 1,2,4,5-TetraCl
A5: 0.6785 | B5: -0.5978 | C5: 1,2,4-TriBr | D5: 0.1491 | G5: 0.7839 | H5: -3.15 | I5: 1,2-DiCl | P5: slope | Q5: =SLOPE($B$2:$B$8,$A$2:$A$8)
A6: 0.7074 | B6: -0.1054 | C6: 1,3,5-TriBr | D6: 0.1667 | G6: 0.0516 | H6: -7.0073 | I6: 1,4-DiCl | P6: intercept | Q6: =INTERCEPT($B$2:$B$8,$A$2:$A$8)
A7: 0.0172 | B7: 0.9163 | C7: 1,2,4,5-TetrBr | D7: 0.112 | P7: R2 | Q7: =RSQ($B$2:$B$8,$A$2:$A$8)
A8: 0.0665 | B8: 2.3026 | C8: HexaBr | D8: 0.13
S17: Natural logarithm of the observed pseudo-first-order rate constants (k_obs, h⁻¹) for electrochemical dehalogenation at −2.0 V vs SHE [add electrode, cell, electrolyte and pH], plotted against descriptors computed at M06-2X/6-311++G(d), gas phase. Filled gray circles are published bromobenzene data, open circles are new chlorobenzene data and gray squares are published PBDE data. Error bars are ±1 standard error of k_obs propagated to ln k_obs (no standard errors are available for the chlorobenzenes). The dotted line is the least-squares fit to the bromobenzenes (R² = 0.11, n = 7). The other compounds are predicted by that fit. Compounds are labelled by shorthand. Fit line, slope, intercept and R² are Excel formulas (SLOPE, INTERCEPT, RSQ) over the bromobenzene cells beside the chart.

Sheet M6gas 16 fplus_CX
A1: max_fplus_CX | B1: published bromobenzene data | C1: label | D1: y error | G1: max_fplus_CX | H1: new chlorobenzene data | I1: label | K1: max_fplus_CX | L1: published PBDE data | M1: label | N1: y error | P1: fit x | Q1: fit: published bromobenzene data
A2: 0.0911 | B2: -6.2146 | C2: MonoBr | D2: 0.105 | G2: 0.2309 | H2: 1.5559 | I2: HexaCl | K2: 0.1005 | L2: -2.551 | M2: BDE-47 | N2: 0.2308 | P2: =MIN($A$2:$A$8) | Q2: =$Q$6+$Q$5*P2
A3: 0.3699 | B3: -4.4228 | C3: 1,4-DiBr | D3: 0.1167 | G3: 0.2358 | H3: -1.6198 | I3: PentaCl | K3: 0.1321 | L3: -0.7985 | M3: BDE-99 | N3: 0.1511 | P3: =MAX($A$2:$A$8) | Q3: =$Q$6+$Q$5*P3
A4: 0.1425 | B4: -3.4143 | C4: 1,3-DiBr | D4: 0.0942 | G4: 0.1501 | H4: -1.22 | I4: 1,2,4,5-TetraCl
A5: 0.2598 | B5: -0.5978 | C5: 1,2,4-TriBr | D5: 0.1491 | G5: 0.1588 | H5: -3.15 | I5: 1,2-DiCl | P5: slope | Q5: =SLOPE($B$2:$B$8,$A$2:$A$8)
A6: 0.1441 | B6: -0.1054 | C6: 1,3,5-TriBr | D6: 0.1667 | G6: 0.1423 | H6: -7.0073 | I6: 1,4-DiCl | P6: intercept | Q6: =INTERCEPT($B$2:$B$8,$A$2:$A$8)
A7: 0.1556 | B7: 0.9163 | C7: 1,2,4,5-TetrBr | D7: 0.112 | P7: R2 | Q7: =RSQ($B$2:$B$8,$A$2:$A$8)
A8: 0.1667 | B8: 2.3026 | C8: HexaBr | D8: 0.13
S17: Natural logarithm of the observed pseudo-first-order rate constants (k_obs, h⁻¹) for electrochemical dehalogenation at −2.0 V vs SHE [add electrode, cell, electrolyte and pH], plotted against descriptors computed at M06-2X/6-311++G(d), gas phase. Filled gray circles are published bromobenzene data, open circles are new chlorobenzene data and gray squares are published PBDE data. Error bars are ±1 standard error of k_obs propagated to ln k_obs (no standard errors are available for the chlorobenzenes). The dotted line is the least-squares fit to the bromobenzenes (R² = 0.01, n = 7). The other compounds are predicted by that fit. Compounds are labelled by shorthand. Fit line, slope, intercept and R² are Excel formulas (SLOPE, INTERCEPT, RSQ) over the bromobenzene cells beside the chart.

Sheet M6SMD 01 dG rad_red
A1: min_dG_rad_red_kcal | B1: published bromobenzene data | C1: label | D1: y error | G1: min_dG_rad_red_kcal | H1: new chlorobenzene data | I1: label | K1: min_dG_rad_red_kcal | L1: published PBDE data | M1: label | N1: y error | P1: fit x | Q1: fit: published bromobenzene data
A2: -84.92 | B2: -6.2146 | C2: MonoBr | D2: 0.105 | G2: -114.54 | H2: 1.5559 | I2: HexaCl | K2: -101.22 | L2: -2.551 | M2: BDE-47 | N2: 0.2308 | P2: =MIN($A$2:$A$8) | Q2: =$Q$6+$Q$5*P2
A3: -88.37 | B3: -4.4228 | C3: 1,4-DiBr | D3: 0.1167 | G3: -112.43 | H3: -1.6198 | I3: PentaCl | K3: -108.56 | L3: -0.7985 | M3: BDE-99 | N3: 0.1511 | P3: =MAX($A$2:$A$8) | Q3: =$Q$6+$Q$5*P3
A4: -89.42 | B4: -3.4143 | C4: 1,3-DiBr | D4: 0.0942 | G4: -102.48 | H4: -1.22 | I4: 1,2,4,5-TetraCl
A5: -98.1 | B5: -0.5978 | C5: 1,2,4-TriBr | D5: 0.1491 | G5: -95.61 | H5: -3.15 | I5: 1,2-DiCl | P5: slope | Q5: =SLOPE($B$2:$B$8,$A$2:$A$8)
A6: -94.37 | B6: -0.1054 | C6: 1,3,5-TriBr | D6: 0.1667 | G6: -88.27 | H6: -7.0073 | I6: 1,4-DiCl | P6: intercept | Q6: =INTERCEPT($B$2:$B$8,$A$2:$A$8)
A7: -101.19 | B7: 0.9163 | C7: 1,2,4,5-TetrBr | D7: 0.112 | P7: R2 | Q7: =RSQ($B$2:$B$8,$A$2:$A$8)
A8: -110 | B8: 2.3026 | C8: HexaBr | D8: 0.13
S17: Natural logarithm of the observed pseudo-first-order rate constants (k_obs, h⁻¹) for electrochemical dehalogenation at −2.0 V vs SHE [add electrode, cell, electrolyte and pH], plotted against descriptors computed at M06-2X/6-311++G(d), SMD (water). Filled gray circles are published bromobenzene data, open circles are new chlorobenzene data and gray squares are published PBDE data. Error bars are ±1 standard error of k_obs propagated to ln k_obs (no standard errors are available for the chlorobenzenes). The dotted line is the least-squares fit to the bromobenzenes (R² = 0.89, n = 7). The other compounds are predicted by that fit. Compounds are labelled by shorthand. Fit line, slope, intercept and R² are Excel formulas (SLOPE, INTERCEPT, RSQ) over the bromobenzene cells beside the chart.

Sheet M6SMD 02 wiberg_CX_parent
A1: min_wiberg_CX_parent | B1: published bromobenzene data | C1: label | D1: y error | G1: min_wiberg_CX_parent | H1: new chlorobenzene data | I1: label | K1: min_wiberg_CX_parent | L1: published PBDE data | M1: label | N1: y error | P1: fit x | Q1: fit: published bromobenzene data
A2: 1.0326 | B2: -6.2146 | C2: MonoBr | D2: 0.105 | G2: 1.0858 | H2: 1.5559 | I2: HexaCl | K2: 1.0374 | L2: -2.551 | M2: BDE-47 | N2: 0.2308 | P2: =MIN($A$2:$A$8) | Q2: =$Q$6+$Q$5*P2
A3: 1.0385 | B3: -4.4228 | C3: 1,4-DiBr | D3: 0.1167 | G3: 1.0752 | H3: -1.6198 | I3: PentaCl | K3: 1.0422 | L3: -0.7985 | M3: BDE-99 | N3: 0.1511 | P3: =MAX($A$2:$A$8) | Q3: =$Q$6+$Q$5*P3
A4: 1.0397 | B4: -3.4143 | C4: 1,3-DiBr | D4: 0.0942 | G4: 1.07 | H4: -1.22 | I4: 1,2,4,5-TetraCl
A5: 1.0447 | B5: -0.5978 | C5: 1,2,4-TriBr | D5: 0.1491 | G5: 1.0577 | H5: -3.15 | I5: 1,2-DiCl | P5: slope | Q5: =SLOPE($B$2:$B$8,$A$2:$A$8)
A6: 1.047 | B6: -0.1054 | C6: 1,3,5-TriBr | D6: 0.1667 | G6: 1.0475 | H6: -7.0073 | I6: 1,4-DiCl | P6: intercept | Q6: =INTERCEPT($B$2:$B$8,$A$2:$A$8)
A7: 1.0553 | B7: 0.9163 | C7: 1,2,4,5-TetrBr | D7: 0.112 | P7: R2 | Q7: =RSQ($B$2:$B$8,$A$2:$A$8)
A8: 1.0656 | B8: 2.3026 | C8: HexaBr | D8: 0.13
S17: Natural logarithm of the observed pseudo-first-order rate constants (k_obs, h⁻¹) for electrochemical dehalogenation at −2.0 V vs SHE [add electrode, cell, electrolyte and pH], plotted against descriptors computed at M06-2X/6-311++G(d), SMD (water). Filled gray circles are published bromobenzene data, open circles are new chlorobenzene data and gray squares are published PBDE data. Error bars are ±1 standard error of k_obs propagated to ln k_obs (no standard errors are available for the chlorobenzenes). The dotted line is the least-squares fit to the bromobenzenes (R² = 0.88, n = 7). The other compounds are predicted by that fit. Compounds are labelled by shorthand. Fit line, slope, intercept and R² are Excel formulas (SLOPE, INTERCEPT, RSQ) over the bromobenzene cells beside the chart.

Sheet M6SMD 03 n_X
A1: n_X | B1: published bromobenzene data | C1: label | D1: y error | G1: n_X | H1: new chlorobenzene data | I1: label | K1: n_X | L1: published PBDE data | M1: label | N1: y error | P1: fit x | Q1: fit: published bromobenzene data
A2: 1 | B2: -6.2146 | C2: MonoBr | D2: 0.105 | G2: 6 | H2: 1.5559 | I2: HexaCl | K2: 4 | L2: -2.551 | M2: BDE-47 | N2: 0.2308 | P2: =MIN($A$2:$A$8) | Q2: =$Q$6+$Q$5*P2
A3: 2 | B3: -4.4228 | C3: 1,4-DiBr | D3: 0.1167 | G3: 5 | H3: -1.6198 | I3: PentaCl | K3: 5 | L3: -0.7985 | M3: BDE-99 | N3: 0.1511 | P3: =MAX($A$2:$A$8) | Q3: =$Q$6+$Q$5*P3
A4: 2 | B4: -3.4143 | C4: 1,3-DiBr | D4: 0.0942 | G4: 4 | H4: -1.22 | I4: 1,2,4,5-TetraCl
A5: 3 | B5: -0.5978 | C5: 1,2,4-TriBr | D5: 0.1491 | G5: 2 | H5: -3.15 | I5: 1,2-DiCl | P5: slope | Q5: =SLOPE($B$2:$B$8,$A$2:$A$8)
A6: 3 | B6: -0.1054 | C6: 1,3,5-TriBr | D6: 0.1667 | G6: 2 | H6: -7.0073 | I6: 1,4-DiCl | P6: intercept | Q6: =INTERCEPT($B$2:$B$8,$A$2:$A$8)
A7: 4 | B7: 0.9163 | C7: 1,2,4,5-TetrBr | D7: 0.112 | P7: R2 | Q7: =RSQ($B$2:$B$8,$A$2:$A$8)
A8: 6 | B8: 2.3026 | C8: HexaBr | D8: 0.13
S17: Natural logarithm of the observed pseudo-first-order rate constants (k_obs, h⁻¹) for electrochemical dehalogenation at −2.0 V vs SHE [add electrode, cell, electrolyte and pH], plotted against descriptors computed at M06-2X/6-311++G(d), SMD (water). Filled gray circles are published bromobenzene data, open circles are new chlorobenzene data and gray squares are published PBDE data. Error bars are ±1 standard error of k_obs propagated to ln k_obs (no standard errors are available for the chlorobenzenes). The dotted line is the least-squares fit to the bromobenzenes (R² = 0.86, n = 7). The other compounds are predicted by that fit. Compounds are labelled by shorthand. Fit line, slope, intercept and R² are Excel formulas (SLOPE, INTERCEPT, RSQ) over the bromobenzene cells beside the chart.

Sheet M6SMD 04 dG 2e_carbanion
A1: min_dG_2e_carbanion_kcal | B1: published bromobenzene data | C1: label | D1: y error | G1: min_dG_2e_carbanion_kcal | H1: new chlorobenzene data | I1: label | K1: min_dG_2e_carbanion_kcal | L1: published PBDE data | M1: label | N1: y error | P1: fit x | Q1: fit: published bromobenzene data
A2: -143.45 | B2: -6.2146 | C2: MonoBr | D2: 0.105 | G2: -180.17 | H2: 1.5559 | I2: HexaCl | K2: -162.15 | L2: -2.551 | M2: BDE-47 | N2: 0.2308 | P2: =MIN($A$2:$A$8) | Q2: =$Q$6+$Q$5*P2
A3: -147.54 | B3: -4.4228 | C3: 1,4-DiBr | D3: 0.1167 | G3: -177.44 | H3: -1.6198 | I3: PentaCl | K3: -168.45 | L3: -0.7985 | M3: BDE-99 | N3: 0.1511 | P3: =MAX($A$2:$A$8) | Q3: =$Q$6+$Q$5*P3
A4: -149.49 | B4: -3.4143 | C4: 1,3-DiBr | D4: 0.0942 | G4: -166.28 | H4: -1.22 | I4: 1,2,4,5-TetraCl
A5: -159.44 | B5: -0.5978 | C5: 1,2,4-TriBr | D5: 0.1491 | G5: -158.44 | H5: -3.15 | I5: 1,2-DiCl | P5: slope | Q5: =SLOPE($B$2:$B$8,$A$2:$A$8)
A6: -154.81 | B6: -0.1054 | C6: 1,3,5-TriBr | D6: 0.1667 | G6: -150.05 | H6: -7.0073 | I6: 1,4-DiCl | P6: intercept | Q6: =INTERCEPT($B$2:$B$8,$A$2:$A$8)
A7: -163.23 | B7: 0.9163 | C7: 1,2,4,5-TetrBr | D7: 0.112 | P7: R2 | Q7: =RSQ($B$2:$B$8,$A$2:$A$8)
A8: -176.96 | B8: 2.3026 | C8: HexaBr | D8: 0.13
S17: Natural logarithm of the observed pseudo-first-order rate constants (k_obs, h⁻¹) for electrochemical dehalogenation at −2.0 V vs SHE [add electrode, cell, electrolyte and pH], plotted against descriptors computed at M06-2X/6-311++G(d), SMD (water). Filled gray circles are published bromobenzene data, open circles are new chlorobenzene data and gray squares are published PBDE data. Error bars are ±1 standard error of k_obs propagated to ln k_obs (no standard errors are available for the chlorobenzenes). The dotted line is the least-squares fit to the bromobenzenes (R² = 0.86, n = 7). The other compounds are predicted by that fit. Compounds are labelled by shorthand. Fit line, slope, intercept and R² are Excel formulas (SLOPE, INTERCEPT, RSQ) over the bromobenzene cells beside the chart.

Sheet M6SMD 05 dG0_act_concerted
A1: min_dG0_act_concerted_kcal | B1: published bromobenzene data | C1: label | D1: y error | G1: min_dG0_act_concerted_kcal | H1: new chlorobenzene data | I1: label | K1: min_dG0_act_concerted_kcal | L1: published PBDE data | M1: label | N1: y error | P1: fit x | Q1: fit: published bromobenzene data
A2: 27.21 | B2: -6.2146 | C2: MonoBr | D2: 0.105 | G2: 29.54 | H2: 1.5559 | I2: HexaCl | K2: 24.82 | L2: -2.551 | M2: BDE-47 | N2: 0.2308 | P2: =MIN($A$2:$A$8) | Q2: =$Q$6+$Q$5*P2
A3: 26.73 | B3: -4.4228 | C3: 1,4-DiBr | D3: 0.1167 | G3: 29.79 | H3: -1.6198 | I3: PentaCl | K3: 24.54 | L3: -0.7985 | M3: BDE-99 | N3: 0.1511 | P3: =MAX($A$2:$A$8) | Q3: =$Q$6+$Q$5*P3
A4: 26.53 | B4: -3.4143 | C4: 1,3-DiBr | D4: 0.0942 | G4: 30.47 | H4: -1.22 | I4: 1,2,4,5-TetraCl
A5: 25.79 | B5: -0.5978 | C5: 1,2,4-TriBr | D5: 0.1491 | G5: 31.15 | H5: -3.15 | I5: 1,2-DiCl | P5: slope | Q5: =SLOPE($B$2:$B$8,$A$2:$A$8)
A6: 25.98 | B6: -0.1054 | C6: 1,3,5-TriBr | D6: 0.1667 | G6: 31.38 | H6: -7.0073 | I6: 1,4-DiCl | P6: intercept | Q6: =INTERCEPT($B$2:$B$8,$A$2:$A$8)
A7: 25.53 | B7: 0.9163 | C7: 1,2,4,5-TetrBr | D7: 0.112 | P7: R2 | Q7: =RSQ($B$2:$B$8,$A$2:$A$8)
A8: 23.84 | B8: 2.3026 | C8: HexaBr | D8: 0.13
S17: Natural logarithm of the observed pseudo-first-order rate constants (k_obs, h⁻¹) for electrochemical dehalogenation at −2.0 V vs SHE [add electrode, cell, electrolyte and pH], plotted against descriptors computed at M06-2X/6-311++G(d), SMD (water). Filled gray circles are published bromobenzene data, open circles are new chlorobenzene data and gray squares are published PBDE data. Error bars are ±1 standard error of k_obs propagated to ln k_obs (no standard errors are available for the chlorobenzenes). The dotted line is the least-squares fit to the bromobenzenes (R² = 0.83, n = 7). The other compounds are predicted by that fit. Compounds are labelled by shorthand. Fit line, slope, intercept and R² are Excel formulas (SLOPE, INTERCEPT, RSQ) over the bromobenzene cells beside the chart.

Sheet M6SMD 06 VEA
A1: VEA_eV | B1: published bromobenzene data | C1: label | D1: y error | G1: VEA_eV | H1: new chlorobenzene data | I1: label | K1: VEA_eV | L1: published PBDE data | M1: label | N1: y error | P1: fit x | Q1: fit: published bromobenzene data
A2: 0.995 | B2: -6.2146 | C2: MonoBr | D2: 0.105 | G2: 1.901 | H2: 1.5559 | I2: HexaCl | K2: 1.353 | L2: -2.551 | M2: BDE-47 | N2: 0.2308 | P2: =MIN($A$2:$A$8) | Q2: =$Q$6+$Q$5*P2
A3: 1.228 | B3: -4.4228 | C3: 1,4-DiBr | D3: 0.1167 | G3: 1.782 | H3: -1.6198 | I3: PentaCl | K3: 1.48 | L3: -0.7985 | M3: BDE-99 | N3: 0.1511 | P3: =MAX($A$2:$A$8) | Q3: =$Q$6+$Q$5*P3
A4: 1.243 | B4: -3.4143 | C4: 1,3-DiBr | D4: 0.0942 | G4: 1.664 | H4: -1.22 | I4: 1,2,4,5-TetraCl
A5: 1.456 | B5: -0.5978 | C5: 1,2,4-TriBr | D5: 0.1491 | G5: 1.21 | H5: -3.15 | I5: 1,2-DiCl | P5: slope | Q5: =SLOPE($B$2:$B$8,$A$2:$A$8)
A6: 1.477 | B6: -0.1054 | C6: 1,3,5-TriBr | D6: 0.1667 | G6: 1.249 | H6: -7.0073 | I6: 1,4-DiCl | P6: intercept | Q6: =INTERCEPT($B$2:$B$8,$A$2:$A$8)
A7: 1.69 | B7: 0.9163 | C7: 1,2,4,5-TetrBr | D7: 0.112 | P7: R2 | Q7: =RSQ($B$2:$B$8,$A$2:$A$8)
A8: 2.265 | B8: 2.3026 | C8: HexaBr | D8: 0.13
S17: Natural logarithm of the observed pseudo-first-order rate constants (k_obs, h⁻¹) for electrochemical dehalogenation at −2.0 V vs SHE [add electrode, cell, electrolyte and pH], plotted against descriptors computed at M06-2X/6-311++G(d), SMD (water). Filled gray circles are published bromobenzene data, open circles are new chlorobenzene data and gray squares are published PBDE data. Error bars are ±1 standard error of k_obs propagated to ln k_obs (no standard errors are available for the chlorobenzenes). The dotted line is the least-squares fit to the bromobenzenes (R² = 0.83, n = 7). The other compounds are predicted by that fit. Compounds are labelled by shorthand. Fit line, slope, intercept and R² are Excel formulas (SLOPE, INTERCEPT, RSQ) over the bromobenzene cells beside the chart.

Sheet M6SMD 07 dG 2e_HDH
A1: min_dG_2e_HDH_kcal | B1: published bromobenzene data | C1: label | D1: y error | G1: min_dG_2e_HDH_kcal | H1: new chlorobenzene data | I1: label | K1: min_dG_2e_HDH_kcal | L1: published PBDE data | M1: label | N1: y error | P1: fit x | Q1: fit: published bromobenzene data
A2: -208.14 | B2: -6.2146 | C2: MonoBr | D2: 0.105 | G2: -220 | H2: 1.5559 | I2: HexaCl | K2: -212.25 | L2: -2.551 | M2: BDE-47 | N2: 0.2308 | P2: =MIN($A$2:$A$8) | Q2: =$Q$6+$Q$5*P2
A3: -210.15 | B3: -4.4228 | C3: 1,4-DiBr | D3: 0.1167 | G3: -218.52 | H3: -1.6198 | I3: PentaCl | K3: -212.98 | L3: -0.7985 | M3: BDE-99 | N3: 0.1511 | P3: =MAX($A$2:$A$8) | Q3: =$Q$6+$Q$5*P3
A4: -210.21 | B4: -3.4143 | C4: 1,3-DiBr | D4: 0.0942 | G4: -217.06 | H4: -1.22 | I4: 1,2,4,5-TetraCl
A5: -212.51 | B5: -0.5978 | C5: 1,2,4-TriBr | D5: 0.1491 | G5: -214.38 | H5: -3.15 | I5: 1,2-DiCl | P5: slope | Q5: =SLOPE($B$2:$B$8,$A$2:$A$8)
A6: -211.53 | B6: -0.1054 | C6: 1,3,5-TriBr | D6: 0.1667 | G6: -212.81 | H6: -7.0073 | I6: 1,4-DiCl | P6: intercept | Q6: =INTERCEPT($B$2:$B$8,$A$2:$A$8)
A7: -214.59 | B7: 0.9163 | C7: 1,2,4,5-TetrBr | D7: 0.112 | P7: R2 | Q7: =RSQ($B$2:$B$8,$A$2:$A$8)
A8: -218.95 | B8: 2.3026 | C8: HexaBr | D8: 0.13
S17: Natural logarithm of the observed pseudo-first-order rate constants (k_obs, h⁻¹) for electrochemical dehalogenation at −2.0 V vs SHE [add electrode, cell, electrolyte and pH], plotted against descriptors computed at M06-2X/6-311++G(d), SMD (water). Filled gray circles are published bromobenzene data, open circles are new chlorobenzene data and gray squares are published PBDE data. Error bars are ±1 standard error of k_obs propagated to ln k_obs (no standard errors are available for the chlorobenzenes). The dotted line is the least-squares fit to the bromobenzenes (R² = 0.82, n = 7). The other compounds are predicted by that fit. Compounds are labelled by shorthand. Fit line, slope, intercept and R² are Excel formulas (SLOPE, INTERCEPT, RSQ) over the bromobenzene cells beside the chart.

Sheet M6SMD 08 dG act_concerted
A1: eff_dG_act_concerted_kcal @ -2.00 V | B1: published bromobenzene data | C1: label | D1: y error | G1: eff_dG_act_concerted_kcal @ -2.00 V | H1: new chlorobenzene data | I1: label | K1: eff_dG_act_concerted_kcal @ -2.00 V | L1: published PBDE data | M1: label | N1: y error | P1: fit x | Q1: fit: published bromobenzene data
A2: 24.32 | B2: -6.2146 | C2: MonoBr | D2: 0.105 | G2: 22.32841 | H2: 1.5559 | I2: HexaCl | K2: 20.29653 | L2: -2.551 | M2: BDE-47 | N2: 0.2308 | P2: =MIN($A$2:$A$8) | Q2: =$Q$6+$Q$5*P2
A3: 23.12932 | B3: -4.4228 | C3: 1,4-DiBr | D3: 0.1167 | G3: 23.30434 | H3: -1.6198 | I3: PentaCl | K3: 20.17854 | L3: -0.7985 | M3: BDE-99 | N3: 0.1511 | P3: =MAX($A$2:$A$8) | Q3: =$Q$6+$Q$5*P3
A4: 22.51932 | B4: -3.4143 | C4: 1,3-DiBr | D4: 0.0942 | G4: 24.30864 | H4: -1.22 | I4: 1,2,4,5-TetraCl
A5: 21.28974 | B5: -0.5978 | C5: 1,2,4-TriBr | D5: 0.1491 | G5: 25.83932 | H5: -3.15 | I5: 1,2-DiCl | P5: slope | Q5: =SLOPE($B$2:$B$8,$A$2:$A$8)
A6: 21.55909 | B6: -0.1054 | C6: 1,3,5-TriBr | D6: 0.1667 | G6: 26.53932 | H6: -7.0073 | I6: 1,4-DiCl | P6: intercept | Q6: =INTERCEPT($B$2:$B$8,$A$2:$A$8)
A7: 20.19864 | B7: 0.9163 | C7: 1,2,4,5-TetrBr | D7: 0.112 | P7: R2 | Q7: =RSQ($B$2:$B$8,$A$2:$A$8)
A8: 16.13841 | B8: 2.3026 | C8: HexaBr | D8: 0.13
S17: Natural logarithm of the observed pseudo-first-order rate constants (k_obs, h⁻¹) for electrochemical dehalogenation at −2.0 V vs SHE [add electrode, cell, electrolyte and pH], plotted against descriptors computed at M06-2X/6-311++G(d), SMD (water). Filled gray circles are published bromobenzene data, open circles are new chlorobenzene data and gray squares are published PBDE data. Error bars are ±1 standard error of k_obs propagated to ln k_obs (no standard errors are available for the chlorobenzenes). The dotted line is the least-squares fit to the bromobenzenes (R² = 0.80, n = 7). The other compounds are predicted by that fit. Compounds are labelled by shorthand. Fit line, slope, intercept and R² are Excel formulas (SLOPE, INTERCEPT, RSQ) over the bromobenzene cells beside the chart.

Sheet M6SMD 09 dG act_combined
A1: eff_dG_act_combined_kcal @ -2.00 V | B1: published bromobenzene data | C1: label | D1: y error | G1: eff_dG_act_combined_kcal @ -2.00 V | H1: new chlorobenzene data | I1: label | K1: eff_dG_act_combined_kcal @ -2.00 V | L1: published PBDE data | M1: label | N1: y error | P1: fit x | Q1: fit: published bromobenzene data
A2: 24.32 | B2: -6.2146 | C2: MonoBr | D2: 0.105 | G2: 22.32841 | H2: 1.5559 | I2: HexaCl | K2: 20.29653 | L2: -2.551 | M2: BDE-47 | N2: 0.2308 | P2: =MIN($A$2:$A$8) | Q2: =$Q$6+$Q$5*P2
A3: 23.12932 | B3: -4.4228 | C3: 1,4-DiBr | D3: 0.1167 | G3: 23.30434 | H3: -1.6198 | I3: PentaCl | K3: 20.17854 | L3: -0.7985 | M3: BDE-99 | N3: 0.1511 | P3: =MAX($A$2:$A$8) | Q3: =$Q$6+$Q$5*P3
A4: 22.51932 | B4: -3.4143 | C4: 1,3-DiBr | D4: 0.0942 | G4: 24.30864 | H4: -1.22 | I4: 1,2,4,5-TetraCl
A5: 21.28974 | B5: -0.5978 | C5: 1,2,4-TriBr | D5: 0.1491 | G5: 25.83932 | H5: -3.15 | I5: 1,2-DiCl | P5: slope | Q5: =SLOPE($B$2:$B$8,$A$2:$A$8)
A6: 21.55909 | B6: -0.1054 | C6: 1,3,5-TriBr | D6: 0.1667 | G6: 26.53932 | H6: -7.0073 | I6: 1,4-DiCl | P6: intercept | Q6: =INTERCEPT($B$2:$B$8,$A$2:$A$8)
A7: 20.19864 | B7: 0.9163 | C7: 1,2,4,5-TetrBr | D7: 0.112 | P7: R2 | Q7: =RSQ($B$2:$B$8,$A$2:$A$8)
A8: 16.13841 | B8: 2.3026 | C8: HexaBr | D8: 0.13
S17: Natural logarithm of the observed pseudo-first-order rate constants (k_obs, h⁻¹) for electrochemical dehalogenation at −2.0 V vs SHE [add electrode, cell, electrolyte and pH], plotted against descriptors computed at M06-2X/6-311++G(d), SMD (water). Filled gray circles are published bromobenzene data, open circles are new chlorobenzene data and gray squares are published PBDE data. Error bars are ±1 standard error of k_obs propagated to ln k_obs (no standard errors are available for the chlorobenzenes). The dotted line is the least-squares fit to the bromobenzenes (R² = 0.80, n = 7). The other compounds are predicted by that fit. Compounds are labelled by shorthand. Fit line, slope, intercept and R² are Excel formulas (SLOPE, INTERCEPT, RSQ) over the bromobenzene cells beside the chart.

Sheet M6SMD 10 omega_dSCF
A1: omega_dSCF_eV | B1: published bromobenzene data | C1: label | D1: y error | G1: omega_dSCF_eV | H1: new chlorobenzene data | I1: label | K1: omega_dSCF_eV | L1: published PBDE data | M1: label | N1: y error | P1: fit x | Q1: fit: published bromobenzene data
A2: 1.339 | B2: -6.2146 | C2: MonoBr | D2: 0.105 | G2: 1.982 | H2: 1.5559 | I2: HexaCl | K2: 1.537 | L2: -2.551 | M2: BDE-47 | N2: 0.2308 | P2: =MIN($A$2:$A$8) | Q2: =$Q$6+$Q$5*P2
A3: 1.48 | B3: -4.4228 | C3: 1,4-DiBr | D3: 0.1167 | G3: 1.881 | H3: -1.6198 | I3: PentaCl | K3: 1.636 | L3: -0.7985 | M3: BDE-99 | N3: 0.1511 | P3: =MAX($A$2:$A$8) | Q3: =$Q$6+$Q$5*P3
A4: 1.503 | B4: -3.4143 | C4: 1,3-DiBr | D4: 0.0942 | G4: 1.783 | H4: -1.22 | I4: 1,2,4,5-TetraCl
A5: 1.641 | B5: -0.5978 | C5: 1,2,4-TriBr | D5: 0.1491 | G5: 1.474 | H5: -3.15 | I5: 1,2-DiCl | P5: slope | Q5: =SLOPE($B$2:$B$8,$A$2:$A$8)
A6: 1.678 | B6: -0.1054 | C6: 1,3,5-TriBr | D6: 0.1667 | G6: 1.486 | H6: -7.0073 | I6: 1,4-DiCl | P6: intercept | Q6: =INTERCEPT($B$2:$B$8,$A$2:$A$8)
A7: 1.811 | B7: 0.9163 | C7: 1,2,4,5-TetrBr | D7: 0.112 | P7: R2 | Q7: =RSQ($B$2:$B$8,$A$2:$A$8)
A8: 2.284 | B8: 2.3026 | C8: HexaBr | D8: 0.13
S17: Natural logarithm of the observed pseudo-first-order rate constants (k_obs, h⁻¹) for electrochemical dehalogenation at −2.0 V vs SHE [add electrode, cell, electrolyte and pH], plotted against descriptors computed at M06-2X/6-311++G(d), SMD (water). Filled gray circles are published bromobenzene data, open circles are new chlorobenzene data and gray squares are published PBDE data. Error bars are ±1 standard error of k_obs propagated to ln k_obs (no standard errors are available for the chlorobenzenes). The dotted line is the least-squares fit to the bromobenzenes (R² = 0.80, n = 7). The other compounds are predicted by that fit. Compounds are labelled by shorthand. Fit line, slope, intercept and R² are Excel formulas (SLOPE, INTERCEPT, RSQ) over the bromobenzene cells beside the chart.

Sheet M6SMD 11 LUMO
A1: LUMO_eV | B1: published bromobenzene data | C1: label | D1: y error | G1: LUMO_eV | H1: new chlorobenzene data | I1: label | K1: LUMO_eV | L1: published PBDE data | M1: label | N1: y error | P1: fit x | Q1: fit: published bromobenzene data
A2: 0.108 | B2: -6.2146 | C2: MonoBr | D2: 0.105 | G2: -0.78 | H2: 1.5559 | I2: HexaCl | K2: -0.454 | L2: -2.551 | M2: BDE-47 | N2: 0.2308 | P2: =MIN($A$2:$A$8) | Q2: =$Q$6+$Q$5*P2
A3: -0.129 | B3: -4.4228 | C3: 1,4-DiBr | D3: 0.1167 | G3: -0.622 | H3: -1.6198 | I3: PentaCl | K3: -0.613 | L3: -0.7985 | M3: BDE-99 | N3: 0.1511 | P3: =MAX($A$2:$A$8) | Q3: =$Q$6+$Q$5*P3
A4: -0.101 | B4: -3.4143 | C4: 1,3-DiBr | D4: 0.0942 | G4: -0.47 | H4: -1.22 | I4: 1,2,4,5-TetraCl
A5: -0.355 | B5: -0.5978 | C5: 1,2,4-TriBr | D5: 0.1491 | G5: 0.019 | H5: -3.15 | I5: 1,2-DiCl | P5: slope | Q5: =SLOPE($B$2:$B$8,$A$2:$A$8)
A6: -0.424 | B6: -0.1054 | C6: 1,3,5-TriBr | D6: 0.1667 | G6: -0.014 | H6: -7.0073 | I6: 1,4-DiCl | P6: intercept | Q6: =INTERCEPT($B$2:$B$8,$A$2:$A$8)
A7: -0.646 | B7: 0.9163 | C7: 1,2,4,5-TetrBr | D7: 0.112 | P7: R2 | Q7: =RSQ($B$2:$B$8,$A$2:$A$8)
A8: -1.572 | B8: 2.3026 | C8: HexaBr | D8: 0.13
S17: Natural logarithm of the observed pseudo-first-order rate constants (k_obs, h⁻¹) for electrochemical dehalogenation at −2.0 V vs SHE [add electrode, cell, electrolyte and pH], plotted against descriptors computed at M06-2X/6-311++G(d), SMD (water). Filled gray circles are published bromobenzene data, open circles are new chlorobenzene data and gray squares are published PBDE data. Error bars are ±1 standard error of k_obs propagated to ln k_obs (no standard errors are available for the chlorobenzenes). The dotted line is the least-squares fit to the bromobenzenes (R² = 0.74, n = 7). The other compounds are predicted by that fit. Compounds are labelled by shorthand. Fit line, slope, intercept and R² are Excel formulas (SLOPE, INTERCEPT, RSQ) over the bromobenzene cells beside the chart.

Sheet M6SMD 12 dG 1e
A1: min_dG_1e_kcal | B1: published bromobenzene data | C1: label | D1: y error | G1: min_dG_1e_kcal | H1: new chlorobenzene data | I1: label | K1: min_dG_1e_kcal | L1: published PBDE data | M1: label | N1: y error | P1: fit x | Q1: fit: published bromobenzene data
A2: -58.53 | B2: -6.2146 | C2: MonoBr | D2: 0.105 | G2: -65.64 | H2: 1.5559 | I2: HexaCl | K2: -60.93 | L2: -2.551 | M2: BDE-47 | N2: 0.2308 | P2: =MIN($A$2:$A$8) | Q2: =$Q$6+$Q$5*P2
A3: -59.17 | B3: -4.4228 | C3: 1,4-DiBr | D3: 0.1167 | G3: -65.01 | H3: -1.6198 | I3: PentaCl | K3: -60.71 | L3: -0.7985 | M3: BDE-99 | N3: 0.1511 | P3: =MAX($A$2:$A$8) | Q3: =$Q$6+$Q$5*P3
A4: -60.07 | B4: -3.4143 | C4: 1,3-DiBr | D4: 0.0942 | G4: -63.8 | H4: -1.22 | I4: 1,2,4,5-TetraCl
A5: -61.34 | B5: -0.5978 | C5: 1,2,4-TriBr | D5: 0.1491 | G5: -62.83 | H5: -3.15 | I5: 1,2-DiCl | P5: slope | Q5: =SLOPE($B$2:$B$8,$A$2:$A$8)
A6: -60.43 | B6: -0.1054 | C6: 1,3,5-TriBr | D6: 0.1667 | G6: -61.79 | H6: -7.0073 | I6: 1,4-DiCl | P6: intercept | Q6: =INTERCEPT($B$2:$B$8,$A$2:$A$8)
A7: -62.05 | B7: 0.9163 | C7: 1,2,4,5-TetrBr | D7: 0.112 | P7: R2 | Q7: =RSQ($B$2:$B$8,$A$2:$A$8)
A8: -66.96 | B8: 2.3026 | C8: HexaBr | D8: 0.13
S17: Natural logarithm of the observed pseudo-first-order rate constants (k_obs, h⁻¹) for electrochemical dehalogenation at −2.0 V vs SHE [add electrode, cell, electrolyte and pH], plotted against descriptors computed at M06-2X/6-311++G(d), SMD (water). Filled gray circles are published bromobenzene data, open circles are new chlorobenzene data and gray squares are published PBDE data. Error bars are ±1 standard error of k_obs propagated to ln k_obs (no standard errors are available for the chlorobenzenes). The dotted line is the least-squares fit to the bromobenzenes (R² = 0.71, n = 7). The other compounds are predicted by that fit. Compounds are labelled by shorthand. Fit line, slope, intercept and R² are Excel formulas (SLOPE, INTERCEPT, RSQ) over the bromobenzene cells beside the chart.

Sheet M6SMD 13 BDE
A1: min_BDE_kcal | B1: published bromobenzene data | C1: label | D1: y error | G1: min_BDE_kcal | H1: new chlorobenzene data | I1: label | K1: min_BDE_kcal | L1: published PBDE data | M1: label | N1: y error | P1: fit x | Q1: fit: published bromobenzene data
A2: 77.27 | B2: -6.2146 | C2: MonoBr | D2: 0.105 | G2: 91.35 | H2: 1.5559 | I2: HexaCl | K2: 75.47 | L2: -2.551 | M2: BDE-47 | N2: 0.2308 | P2: =MIN($A$2:$A$8) | Q2: =$Q$6+$Q$5*P2
A3: 77.02 | B3: -4.4228 | C3: 1,4-DiBr | D3: 0.1167 | G3: 91.57 | H3: -1.6198 | I3: PentaCl | K3: 74.88 | L3: -0.7985 | M3: BDE-99 | N3: 0.1511 | P3: =MAX($A$2:$A$8) | Q3: =$Q$6+$Q$5*P3
A4: 76.25 | B4: -3.4143 | C4: 1,3-DiBr | D4: 0.0942 | G4: 93.41 | H4: -1.22 | I4: 1,2,4,5-TetraCl
A5: 74.67 | B5: -0.5978 | C5: 1,2,4-TriBr | D5: 0.1491 | G5: 93.98 | H5: -3.15 | I5: 1,2-DiCl | P5: slope | Q5: =SLOPE($B$2:$B$8,$A$2:$A$8)
A6: 75.39 | B6: -0.1054 | C6: 1,3,5-TriBr | D6: 0.1667 | G6: 94.9 | H6: -7.0073 | I6: 1,4-DiCl | P6: intercept | Q6: =INTERCEPT($B$2:$B$8,$A$2:$A$8)
A7: 74.73 | B7: 0.9163 | C7: 1,2,4,5-TetrBr | D7: 0.112 | P7: R2 | Q7: =RSQ($B$2:$B$8,$A$2:$A$8)
A8: 69.8 | B8: 2.3026 | C8: HexaBr | D8: 0.13
S17: Natural logarithm of the observed pseudo-first-order rate constants (k_obs, h⁻¹) for electrochemical dehalogenation at −2.0 V vs SHE [add electrode, cell, electrolyte and pH], plotted against descriptors computed at M06-2X/6-311++G(d), SMD (water). Filled gray circles are published bromobenzene data, open circles are new chlorobenzene data and gray squares are published PBDE data. Error bars are ±1 standard error of k_obs propagated to ln k_obs (no standard errors are available for the chlorobenzenes). The dotted line is the least-squares fit to the bromobenzenes (R² = 0.70, n = 7). The other compounds are predicted by that fit. Compounds are labelled by shorthand. Fit line, slope, intercept and R² are Excel formulas (SLOPE, INTERCEPT, RSQ) over the bromobenzene cells beside the chart.

Sheet M6SMD 14 fplus_CX
A1: max_fplus_CX | B1: published bromobenzene data | C1: label | D1: y error | G1: max_fplus_CX | H1: new chlorobenzene data | I1: label | K1: max_fplus_CX | L1: published PBDE data | M1: label | N1: y error | P1: fit x | Q1: fit: published bromobenzene data
A2: 0.1078 | B2: -6.2146 | C2: MonoBr | D2: 0.105 | G2: 0.2347 | H2: 1.5559 | I2: HexaCl | K2: 0.1289 | L2: -2.551 | M2: BDE-47 | N2: 0.2308 | P2: =MIN($A$2:$A$8) | Q2: =$Q$6+$Q$5*P2
A3: 0.1148 | B3: -4.4228 | C3: 1,4-DiBr | D3: 0.1167 | G3: 0.2327 | H3: -1.6198 | I3: PentaCl | K3: 0.1132 | L3: -0.7985 | M3: BDE-99 | N3: 0.1511 | P3: =MAX($A$2:$A$8) | Q3: =$Q$6+$Q$5*P3
A4: 0.1492 | B4: -3.4143 | C4: 1,3-DiBr | D4: 0.0942 | G4: 0.1362 | H4: -1.22 | I4: 1,2,4,5-TetraCl
A5: 0.1495 | B5: -0.5978 | C5: 1,2,4-TriBr | D5: 0.1491 | G5: 0.1304 | H5: -3.15 | I5: 1,2-DiCl | P5: slope | Q5: =SLOPE($B$2:$B$8,$A$2:$A$8)
A6: 0.122 | B6: -0.1054 | C6: 1,3,5-TriBr | D6: 0.1667 | G6: 0.1123 | H6: -7.0073 | I6: 1,4-DiCl | P6: intercept | Q6: =INTERCEPT($B$2:$B$8,$A$2:$A$8)
A7: 0.1409 | B7: 0.9163 | C7: 1,2,4,5-TetrBr | D7: 0.112 | P7: R2 | Q7: =RSQ($B$2:$B$8,$A$2:$A$8)
A8: 0.1666 | B8: 2.3026 | C8: HexaBr | D8: 0.13
S17: Natural logarithm of the observed pseudo-first-order rate constants (k_obs, h⁻¹) for electrochemical dehalogenation at −2.0 V vs SHE [add electrode, cell, electrolyte and pH], plotted against descriptors computed at M06-2X/6-311++G(d), SMD (water). Filled gray circles are published bromobenzene data, open circles are new chlorobenzene data and gray squares are published PBDE data. Error bars are ±1 standard error of k_obs propagated to ln k_obs (no standard errors are available for the chlorobenzenes). The dotted line is the least-squares fit to the bromobenzenes (R² = 0.53, n = 7). The other compounds are predicted by that fit. Compounds are labelled by shorthand. Fit line, slope, intercept and R² are Excel formulas (SLOPE, INTERCEPT, RSQ) over the bromobenzene cells beside the chart.

Sheet M6SMD 15 dG ET_any
A1: dG_ET_any_kcal | B1: published bromobenzene data | C1: label | D1: y error | G1: dG_ET_any_kcal | H1: new chlorobenzene data | I1: label | K1: dG_ET_any_kcal | L1: published PBDE data | M1: label | N1: y error | P1: fit x | Q1: fit: published bromobenzene data
A2: -57.07 | B2: -6.2146 | C2: MonoBr | D2: 0.105 | G2: -63.14 | H2: 1.5559 | I2: HexaCl | K2: -58.98 | L2: -2.551 | M2: BDE-47 | N2: 0.2308 | P2: =MIN($A$2:$A$8) | Q2: =$Q$6+$Q$5*P2
A3: -38.03 | B3: -4.4228 | C3: 1,4-DiBr | D3: 0.1167 | G3: -65.34 | H3: -1.6198 | I3: PentaCl | K3: -58.32 | L3: -0.7985 | M3: BDE-99 | N3: 0.1511 | P3: =MAX($A$2:$A$8) | Q3: =$Q$6+$Q$5*P3
A4: -57.88 | B4: -3.4143 | C4: 1,3-DiBr | D4: 0.0942 | G4: -48.54 | H4: -1.22 | I4: 1,2,4,5-TetraCl
A5: -60.65 | B5: -0.5978 | C5: 1,2,4-TriBr | D5: 0.1491 | G5: -37.86 | H5: -3.15 | I5: 1,2-DiCl | P5: slope | Q5: =SLOPE($B$2:$B$8,$A$2:$A$8)
A6: -59.76 | B6: -0.1054 | C6: 1,3,5-TriBr | D6: 0.1667 | G6: -40.22 | H6: -7.0073 | I6: 1,4-DiCl | P6: intercept | Q6: =INTERCEPT($B$2:$B$8,$A$2:$A$8)
A7: -63.06 | B7: 0.9163 | C7: 1,2,4,5-TetrBr | D7: 0.112 | P7: R2 | Q7: =RSQ($B$2:$B$8,$A$2:$A$8)
A8: -70.99 | B8: 2.3026 | C8: HexaBr | D8: 0.13
S17: Natural logarithm of the observed pseudo-first-order rate constants (k_obs, h⁻¹) for electrochemical dehalogenation at −2.0 V vs SHE [add electrode, cell, electrolyte and pH], plotted against descriptors computed at M06-2X/6-311++G(d), SMD (water). Filled gray circles are published bromobenzene data, open circles are new chlorobenzene data and gray squares are published PBDE data. Error bars are ±1 standard error of k_obs propagated to ln k_obs (no standard errors are available for the chlorobenzenes). The dotted line is the least-squares fit to the bromobenzenes (R² = 0.49, n = 7). The other compounds are predicted by that fit. Compounds are labelled by shorthand. Fit line, slope, intercept and R² are Excel formulas (SLOPE, INTERCEPT, RSQ) over the bromobenzene cells beside the chart.

Sheet M6SMD 16 dG frag_any
A1: min_dG_frag_any_kcal | B1: published bromobenzene data | C1: label | D1: y error | G1: min_dG_frag_any_kcal | H1: new chlorobenzene data | I1: label | K1: min_dG_frag_any_kcal | L1: published PBDE data | M1: label | N1: y error | P1: fit x | Q1: fit: published bromobenzene data
A2: -1.45 | B2: -6.2146 | C2: MonoBr | D2: 0.105 | G2: -2.5 | H2: 1.5559 | I2: HexaCl | K2: -1.95 | L2: -2.551 | M2: BDE-47 | N2: 0.2308 | P2: =MIN($A$2:$A$8) | Q2: =$Q$6+$Q$5*P2
A3: -21.14 | B3: -4.4228 | C3: 1,4-DiBr | D3: 0.1167 | G3: 0.33 | H3: -1.6198 | I3: PentaCl | K3: -2.39 | L3: -0.7985 | M3: BDE-99 | N3: 0.1511 | P3: =MAX($A$2:$A$8) | Q3: =$Q$6+$Q$5*P3
A4: -2.19 | B4: -3.4143 | C4: 1,3-DiBr | D4: 0.0942 | G4: -15.26 | H4: -1.22 | I4: 1,2,4,5-TetraCl
A5: -0.69 | B5: -0.5978 | C5: 1,2,4-TriBr | D5: 0.1491 | G5: -24.97 | H5: -3.15 | I5: 1,2-DiCl | P5: slope | Q5: =SLOPE($B$2:$B$8,$A$2:$A$8)
A6: -0.67 | B6: -0.1054 | C6: 1,3,5-TriBr | D6: 0.1667 | G6: -21.57 | H6: -7.0073 | I6: 1,4-DiCl | P6: intercept | Q6: =INTERCEPT($B$2:$B$8,$A$2:$A$8)
A7: 1.02 | B7: 0.9163 | C7: 1,2,4,5-TetrBr | D7: 0.112 | P7: R2 | Q7: =RSQ($B$2:$B$8,$A$2:$A$8)
A8: 4.03 | B8: 2.3026 | C8: HexaBr | D8: 0.13
S17: Natural logarithm of the observed pseudo-first-order rate constants (k_obs, h⁻¹) for electrochemical dehalogenation at −2.0 V vs SHE [add electrode, cell, electrolyte and pH], plotted against descriptors computed at M06-2X/6-311++G(d), SMD (water). Filled gray circles are published bromobenzene data, open circles are new chlorobenzene data and gray squares are published PBDE data. Error bars are ±1 standard error of k_obs propagated to ln k_obs (no standard errors are available for the chlorobenzenes). The dotted line is the least-squares fit to the bromobenzenes (R² = 0.32, n = 7). The other compounds are predicted by that fit. Compounds are labelled by shorthand. Fit line, slope, intercept and R² are Excel formulas (SLOPE, INTERCEPT, RSQ) over the bromobenzene cells beside the chart.

Sheet M6SMD 17 dr_CX_RA
A1: max_dr_CX_RA_A | B1: published bromobenzene data | C1: label | D1: y error | G1: max_dr_CX_RA_A | H1: new chlorobenzene data | I1: label | K1: max_dr_CX_RA_A | L1: published PBDE data | M1: label | N1: y error | P1: fit x | Q1: fit: published bromobenzene data
A2: 2.9934 | B2: -6.2146 | C2: MonoBr | D2: 0.105 | G2: 0.0492 | H2: 1.5559 | I2: HexaCl | K2: 1.1574 | L2: -2.551 | M2: BDE-47 | N2: 0.2308 | P2: =MIN($A$2:$A$8) | Q2: =$Q$6+$Q$5*P2
A3: 0.0447 | B3: -4.4228 | C3: 1,4-DiBr | D3: 0.1167 | G3: 0.7349 | H3: -1.6198 | I3: PentaCl | K3: 0.7541 | L3: -0.7985 | M3: BDE-99 | N3: 0.1511 | P3: =MAX($A$2:$A$8) | Q3: =$Q$6+$Q$5*P3
A4: 0.0053 | B4: -3.4143 | C4: 1,3-DiBr | D4: 0.0942 | G4: 0.0312 | H4: -1.22 | I4: 1,2,4,5-TetraCl
A5: 0.7661 | B5: -0.5978 | C5: 1,2,4-TriBr | D5: 0.1491 | G5: 0.0196 | H5: -3.15 | I5: 1,2-DiCl | P5: slope | Q5: =SLOPE($B$2:$B$8,$A$2:$A$8)
A6: 1.0271 | B6: -0.1054 | C6: 1,3,5-TriBr | D6: 0.1667 | G6: 0.0252 | H6: -7.0073 | I6: 1,4-DiCl | P6: intercept | Q6: =INTERCEPT($B$2:$B$8,$A$2:$A$8)
A7: 0.0088 | B7: 0.9163 | C7: 1,2,4,5-TetrBr | D7: 0.112 | P7: R2 | Q7: =RSQ($B$2:$B$8,$A$2:$A$8)
A8: 0.0138 | B8: 2.3026 | C8: HexaBr | D8: 0.13
